cleaned_stemmed,sentiment_prediction
mohon maaf i news klau undang orang jgn yg sakit darah tinggi,negative
hahaha beda orang yg beril tp redam emosi manusia beril tp tonjol emosi lucu nya warga konoha,negative
orang kocag kek silvester ko nya masuk sini ko jadi malu sendiri,negative
orang silvester matutina gak perlu undang lah acara ginian lagi apa coba buat malu,negative
rocky selalu bikin gaduh sok pintar suka hina orang padahal komstribusi bangsa,negative
kok gue yg mau emosi lihat si biru,negative
tau pancing emosi jelas jelas slah,negative
klo rocky kasar km biar klo kasar anrh kalian emang ad bukti dong klo ngomong,negative
biar tecatat sejarah indonesia perlu data penghianat jilat akibat penghianat jilat hilang pribadi bangsa utama generasi muda indonesia,negative
roky gerung bisa omon omon apa imigran yaman,negative
etika panas panas,negative
rocky hebat ngomongnya cuma omong aja gak nyalonpredoden,negative
ngomongin orang cundang bujang lapuk kali kali baru bilang bodo aja udah naik darah ampun bang jago,negative
semang semua kait kubu kampung sehat terus om rocky,negative
uu ite penjara hujat orang guna kata kata kasar,negative
buaahahahahahahaha ngakak sendiri pas liat silvester menit padahal rg tadi cuma rubah quote nya pak hari tanu tanya dg retorika siapa yg ubah tp justru sivester yg malah bakar jenggot ikan pancing,negative
rocky kalo punya istri mati diri kan gak mau kalah udah lah jadi kakek gak aja,negative
orang yg smart yg paham iq bung rocky rocky bicara fakta sedih banyak yg gagal paham cara pikir,negative
nampak kali kedunguanya,negative
silfestes stress,negative
ilmmunya roki garong lewat buku tau lewat buku apa sangkut paut tatanan negara roki mgombal,negative
acara aiman gk mutu propaganda provokasi bikin rusuh sesat mahasiswa,negative
wadah kurang besar sekali lempar garam rasa asin cari luar biasa bung rocky,negative
rg hebat teori aja real kosong banyak omonya aja ngak gun debat sama rg teori masalalu jadi benar pak silfester ngak guna rg negeri jadi pelajaranya apa rg banyak kecap betul rg bodoh nkri pas rg bodooh,negative
ko malu sendiri liat bapak jas biru,negative
bilang kasar nyesel wkwk,negative
sya org awam pak roki cuman pintar ngmg ajah org kya gitu mau kalah,negative
sylvester kurang pintar debat nlglawan rocky banyak ajar sama qodari br menang m,negative
silfes pantek orang,negative
titik rendah manusia adah hina orang hina terimakasih kebon jeruk atas hibur,negative
debat debat usah bawa urus pribadi woy usaha kok pola pikir rendah,negative
r garong sdh gila pikir hebat padahal semua orang waras ketawa ketiwi liat kayak wayang gila,negative
lanjut bang roki bongkar jahat,negative
mungkin silvester g dpt bangku yg ingin jdi marah g kontrol cepat sulut,negative
ngakunya org hukum moral kualitas malu lihat orang yg,negative
bung rg makan tadi pagi pasar naik ojeg bayar pakai uang pecah rb kembali dg paksa ngutang deh lalu beli bahan masak rumah keluar barang belanja masak matang baru makan hampir bila tanya rg padahal kan jawab singkat,negative
dungu ter epic ampe viral,negative
rocky is the real mastermind,negative
orang lawyer apabila debat kalah tahu lalu emosi beda sama preman pasar,negative
bener sih rocky muter mancing emosi lawan nya,negative
sejarah silfester tak pernah hasil tangkap mangsa tweety krn emosi yg pakai thats the point,negative
kasi keluarga malu gak yaa,negative
silfester ngaku orang hukum tau sejarah hukum lucu ni orang,negative
orang kalau ngga ngerasa jilat santai aja ngga ngotot,negative
santai aja bung roky,negative
nyata cuma par c muni,negative
bahayaa indonesia daruraatt,negative
trima kasih pak jokowi engkau punya hati yg mulia yg mehujat bpk,negative
si silfester mati kutu kupret hahahahaha,negative
bung rocky pandai teori gak etika ngomongnya,negative
jadi bahas sola bujang lapuk nikah ga nikah serah yg penting otak bung rocky isi tak,negative
bujang lapuk,negative
serang pribadi tunjuk lemah argumentasi debat aku rg kembali serang spektakuler,negative
jangan bodoh kata aku jawab karna aku udah hodoh,negative
rocky ga betul sekali teori doang praktek nol,negative
biru biru airnlaut baju biru kecepirutt,negative
wkwkwk orng hukum orng hukum,negative
yg panik psti cpet marah,negative
asas pacta sunt servanda asal bahasa latin arti janji tepat,negative
orang mau terang ngomong terus,negative
rakyat paham siapa mukidi jilat,negative
milih ngelantik silfester jd ketua solidaritas merah putih siapa dah,negative
sylverster stalon kok ngomentari hidup orang serah orang mau bujang kek janda kek cumi kek,negative
turut roki kerung bukan cerdas bangsa bingung kalau roki kerung ajar mahasiswa bahaya jadi orang licik akhir,negative
hampir semua buku otsk rokky,negative
kalah debat marah,negative
bodoh batin terima diri kalah lampias emosi lawan bicara tunjuk angkuh akan benar terima kasih cerah bung rocky hadap orang prinsip langsung latih sabar,negative
rocky gerung cerdas jomplang sm yg seberang,negative
bung rocky hasil bikin orang bodoh muncul,negative
pukul rocky tuju gue heheh muter muter bikin emosi jg banyak rendah kan lawan debat nya cm adi klo lawan debat rocky bakal kalah adi ga emosi soal,negative
yg bahas sama etika punya bukti data tulis bahkan pasal hukum etika punya posisi lebih tinggi hukum positif jadi kalo langgar etika minta bukti pasal hukum memang gak pasal yg bukti orang munafik yg minta bukti langgar etika pasal hukum langgar etika masuk tindak bahaya siapa jawab bahaya,negative
heran bung rg kok sangat se tenang gitu,negative
orang bodoh bilang pintar padahal orang pintar susah tau bodoh bicara orang tau ngaku jilat wakakak,negative
jilat malu sebut jilat kali hapus kata jilat ganti penyepong,negative
lebih percaya om rocky drpd si sikvester orang benar tdk mudah pancing emosi org yg tahu bohong usaha teriak bukti benar,negative
rocky gerung orang intelektual yg bebas ikat apa lawa orang yg ikat kuasa hewan yg ikat bebas bahkan pikir satu nya yg aman utk laku jilat majikan,negative
wah sungguh sangat ber rakyat kecil dpt ilmu si gerung sdh gak bodoh gak mempan bodo bodoh sama kamu,negative
kerja cuma ngomong doang,negative
bodo bodo gamapng bnget pancing lah yg klo pikirin nya duit duit duit blokk,negative
ga imbang silvester n noel mah jd kudap,negative
rakyat burung gak diri,negative
bang rg lawan,negative
berfikir akal logika ilmu fakta berani pedas kritis jalan iring kata kata tekan ego kontrol emosi diri ciri ciri orang pintar cerdas type orang begini sedikit susah temu tampil wibawa bicara akal lihat duli bela diri tekan nada suara keras apa semua tdk jalan lihat kata emosi kontrol diri eror ego kasar cari dukung susah terima kritik ciri ciri orang pintar type begini banyak gampang cari lihat jelas mana yg guna lebih guna tanya siapa menang jawab juri dong menang,negative
ciri ciri orang dungu kendali emosi hadap orang banyak,negative
beda kelas jauh bgt ksi plester gk kompeten dlm debat,negative
sepertix tahu yg mana org baca isi buku n yg mana kulit buku,negative
bung rg nich oranya sangat kritis perintah jago putar balik fakta terus apa ikan maju indonesia,negative
hukum jalan lebih pedih stallone tunggu aja,negative
emosional liat dungu nya lawan rg pancing emosi lawan rg jadi fokus bicara jadi ngaur hebat rg santai tahu lawan nya dungu,negative
silvester lebih baik jual duren kalau orang gk beli marah marah,negative
silver kok gitu cara debat arogan situ bukan tempat bos,negative
sil sil jd tau mampu trnyata sangat rendah,negative
gak ngerasa jilat jangan marah lah pak tua,negative
sambut ramai senang jangan kan pak jokowi datang teroris tembak tembak aja orang indonesia ngumpul ramai ken tau,negative
roky ngomong kerja makax jangan hirau cuma cari perhati habis kata malah sengaja bodoh orang biar pancing padahal suruh lihat bukti malah kesana kemari dasar tukang carper sy tarik sama omong roky sedikit dulu,negative
siapa sih si plester baru kali denger nama apa sih manfaat,negative
deh kena mental lawan roky gerung,negative
klu ga rasa ga usah marah dong,negative
gak usah laden orang geblek gitu,negative
hore hidup pikir sehat menang rg,negative
bukan rakyat berusara buat rakyat kelah,negative
ina ina muterr,negative
parah lihat jelas kualitas ilmu bagai langit bumi malu diri sendiri,negative
biasa orang yg marah emang rasa salah klo orang gak rasa salah ngapain marah payah dach,negative
uda gin doang,negative
jaoohh kapasitas n ilmoe nya,negative
cundang yg tdk apa apa,negative
ga jawab bingung kan,negative
kelazz rg,negative
ikan kalau lapar pancing lanjut bung rocky,negative
mik masuk si mulut gerung yg sombong,negative
ngomong lover tpi bicara nya ngawur,negative
gimana mau jelas potong trs rg dosen jadi wajar jelas muter sbnrnya bukan muter s semua ketrengannya jabar ilmiah,negative
jelas banget emosi bodoh nya tahu,negative
tinggal jawab bukti banyak masyarakat miskin nganggur,negative
dukung prabowo emosi banget kalah debat,negative
roky gerung pahlaean erti,negative
tipe penjiillatt biar dipake amaboz ikut lawan aja pk rg,negative
kayak aiman sini kurang sigap buat tengah debat ga langsung substansial jelas rg terlalu spesifik ga semua masyarakat mahfum maksud oleh harus moderator sini langsung arah opini sampai langsung substansial putar lingkar debat kusir arah personal,negative
sampe x lebih aku ulang asa nonton lawak yg d pragakan rawan,negative
rakyat nilai cerdas r dungu s udah gitu aja,negative
jokowi diam tegak g tau malu,negative
klu bukti biar rocky terang bukan potong ucap orng yg terang begini orng yg mau cpt adil perkara tpi tdk lihat dr mna perkara it mula jadi,negative
choki hakim aja yg dri kader pdip bela rg padahal sering katain rg tu partai pdip arti choki beda mana kritik buah fungsi jabat mana yg personal nah si silvester mampu otak nya cerna mana adu argumentasi mana adu mekanik lagi rg pernah ajar silat diam karna tau konteks kelah akal kelah sama fisik,negative
aja dak kuliah ngerti maksud bung roky,negative
roky gabut wkwkwk,negative
pak rg emang cerdas maju terus pak rg babat habis yg belok,negative
lawak bener sik bapak baju biru tuh,negative
pa mull emang tipu ulung,negative
nyerocos terus mau terang ngeyel,negative
rg debat guna metodelogi ilmiah sbg landas pikir kalau si sil tanya istilah ilmiah yg dasar kait dg profesi buku yg baca ngg tau ngg kuasa bidang ilmu pantas banget katkan dungu rg nyala bnget,negative
pancing teruuss,negative
org benar apa yg dijelasin rg coba paham seksama debat padahal apa yg omongin rg gak nyambung sama point tanya bisa cuma psywar aja pancing pake bahasa yg susah akan buat musuh bicara kliatan bodoh provokasi bgt,negative
ngatain rocky sampe personal rocky kali rg tetap stay cool gilir rocky bilang kau bodoh dngn hukum arti bukan bodoh personal lbih tahu hukum lngsung naik pitam kek anak jaman now lobay playing victim hh,negative
bilang dungu dulu rocky gerung siapa mau bilang dungu,negative
silvester bukan lawan debat bung rocky gerung jauh bgt kelas tingkat kecerdasaannya silvester hrsnya lawan debat sm pa ngabalin biar sama sama kyk ludruk hehehe,negative
seruu nonton yg dungu pancing emosi nyala rg,negative
malu banget diketawain mahasiswa,negative
kalah debat akhir serang pribadi sikap tunjuk bodoh bung sm klo emosi arti apa yg ucap bung rg bener sehat sllu bung rg,negative
turun malu,negative
yo naik terus gaji,negative
klu emg tdk rasa jd jilat slowly aja bos jgn panik gitu kan jd lihat topeng,negative
memang ga ragu rocky gerung orang paling pinter pinter buat dosa pinter hina pinter mempitnah,negative
coba deh iseng nyari almamater silfester,negative
rakyat awam nilai kalo debat kalah ujung emosi,negative
bung rocky guna data argumen cek pacta sunt servanda apa arti,negative
leo tolstoy s books which one,negative
bung aiman jangan panggil nara sumber preman terminal mau tahu ilmu knowledge bukan mau lihat orang yg ilmu dangkal kasih metodologi malah ngajak nya rantam rugi aku lihat preman gaya chanel gengsi macam i news semangat bung rocky,negative
njir debat sampe personal rusak muka petak,negative
emng beda kelaz jilat ama kritikus,negative
dungu sekali memang debat kok emosi sprri bung rocky debat siapa tak pernah emosi,negative
ayo bang roky masuk legeslatif eksekutif pola pikirx bukan retorika metologi berfikirnya manfaat bangsa,negative
jilat cuma pakai lidah tak pernah pakai otak jijik,negative
biasa orang yg singgung trs marah marah biasa jilat wkwkwkwk sil sil bilang rocky gerung gk guna lah ente aja gk guna buat rakyat sil sil,negative
cara pikir rg rumit muter,negative
cundang identik bodoh bentuk bodoh emosi,negative
tpi emang rocky emang suka rendah orang,negative
tetap debest rg akal sehat lawan aja pd gila dunia mau ngerampok rakyat jegal mulai panik,negative
si silver si bocah emosi parah ni orang,negative
pesan inews dn bung aiman kdepannya gk prlu lgi undang org yg bain mati an majikan tpi emosi krn tolol syuuka aq lihat org kyk silvester jdi bahan lawak grup aja org,negative
gerung hindar terus,negative
gede banget emosi nya,negative
koh debat,negative
terus sendiri silvester apa guna buat negara n bangsa,negative
debat yg emosi brrti kalah,negative
pa guna debat trus gni ujung nya bnci sna sni,negative
kalau gk punya ilmu jgn tampil depan umum hina pribadi org benar rendah diri sendiri,negative
buat pribadi tertawa hari orang pintar nan bodoh licik munafik salit debat hasil lucu,negative
bilang rocky bujang lapuk rocky balas bilang bodoh ngamuk lihat sampe mana cara pikir acara begini,negative
malu lihat,negative
orang bgini kok undang siih sangat mutu,negative
ijasahnya asli gak tuh kok banyak gak tahu,negative
orang tak didik tinggi orang sederhana tak punya pangkat jabat tahu pak roky gerung sok pintar ilmu tahu bodoh masya rakat ayo mahasiswa pintar dikit berfikir jangan mau adu domba,negative
rg emang klo debat suka mutar sembari mancing emosi lawan dgn tahu yg milik yg entah valid apa klo mnurut rg garam manis pegang dalil nya,negative
debat cawe jokowi kok jd debat buku n bla bla muter gmn rocky abis jurus sy tgg bukti dr roki ampe abis acara kgk liat tu anjir cmn sebutin filsuf prinsip doank wkkwk,negative
ijazah palsu arti istilah hukum kuliah hukum kaga tau,negative
gimana mau jelaska dia dungu,negative
pah emg salah ngomong jilat klo gk ngerasa keep calm dong,negative
lqnjut bg rokyy,negative
makanya sekolah benar biar gak jadi rocky gerung,negative
kata hidup tenang kok debat pakai okol emosi brarti hidup bnyk tekan,negative
asikk yaa nonton bodoh si silfester,negative
silvester pancing rocky nyantai aja bukti manusia dewasa,negative
rg mungkin bodoh sedang lihat bodoh gas terus bang no rocky no party,negative
aku rakyat malaysia lihat moment lucu indo gaduh gaduh kocak,negative
meni pilih mampu meni meni padahal jelas islam wajib masuk dalam rukun ibadah ralat,negative
padahal gue penasaran ken dengerin jelas bang rocky tp potong melulu sama sylvester jadi penasaran jelas bung rocky,negative
indonesia pikir ini argumentasi benar sehat sehat om rocky gerung,negative
salah besar silfester serang pribadi rocky akhir gak kasih ampun rocky pancing silfester malu diri sendiri depan umum,negative
kalau roki gerung bilng bodoh it anggap kasar ktika lawan kata kata kasar,negative
pancing rocky gerung buat silfester matutina liat watak arogansi,negative
orang hukum kok kayak orang hutan,negative
keren bung roky sehat sellu panjng umur bung,negative
luar biasa bung rocky gk pancing,negative
orang kalah diskusi respons marah caci sering kali tunjuk rasa ancam nyaman argumen lawan mulai caci serang pribadi jadi bentuk defensif mana coba dapat dukung simpati audiens mungkin rasa giring emosi audiens pihak kurang argumen tutup dukung emosional sebut jadi tanda milik jawab rasional logis lawan argumen lawan alih taktik emosional tahan posisi,negative
pintar didik tinggi cerdas cuma korek pandang buruk orang,negative
terang sayahukum hukum debangakanya,negative
dungu si silverter bukti,negative
sehat sehat bung rocky berantas dungu,negative
dungu jadi lihat jelas,negative
bkin malu silfester,negative
boikot silfester gak guna nonton wkwkwkw,negative
wkwkwkwk tonton bodoh silvester,negative
silvester singgung ri bilang bodoh,negative
iki bnyak kata yg ulang plis gag gimmick kan,negative
debat bicara bela yg bayar,negative
flisuf klo bawa politik agama bakal gk kena point nya karna politik flexible agama spiritual filsuf lebih ranah psikologi yg jiwa dalam sifat sikap jadi manusia salah benar salah paham arogan egois rendah hati suka saling salah hakim sama manusia yg jgn kan perintah keluarga aja kadang sering konflik masalah karna beda paham jadi manusia biasa punya dosa salah masing kritik sesuai akal logika orang beri saran solusi sesuai tempat waktu,negative
sdh jelas lihat ijazah tembak ituu xixixixixi,negative
kwkwkwkwk nyala abang rocky bara diaa silverquinnya leleh panas,negative
lulus hukum tpi semua tokoh istilah gk tau ijazah mau periksa,negative
rocky ngomong gw buka google gila isi kepala ilmu semuaa,negative
daei sini tatap hakim chiko seram,negative
siapa sih silvester gak yg kenal jelas sekali gak kwalitasnya sama sekali karna kalah debat rmosinya aja yg muncul,negative
gila main depan khalayak,negative
kontrol emosi debat lebih hormat adu argumen jgn sampe adu jotos,negative
lah nyerang pribadi pas serang marah,negative
hahah sedih liat,negative
moga jadi renung suatu cepat bukan ajang ruang preman sok rasa otak padahal kosong roky top,negative
sekali jilat sampe kapan yaa tetap jilat sadar,negative
wkwkwk gemes bat gw keren bung rocky,negative
perhati orang kalah diskusi bas ilmu serang pribadi lawan diskusi bravo rocky no rocky no party,negative
tau banget jiwa nya gadai rasa malu hormat mati,negative
manusia silver filter,negative
mebuktikan mana bukti biar tonton nilai bukti kwwkwk,negative
wkwk cringe banget si jas biru menang sejati ga bakal sebut diri menang,negative
rakyat udah liat sendiri msh aja yg bela jokowi,negative
klo sisi mmng rocky trlalu arogan arogam pikir syangnya mulut kurang terima,negative
si rocky punya banyak gemar kalang baris sakit hati kelompok benci jokowi yah hibur pahit senyum hancur,negative
enek sama omong rg se olah dy kalo ngmg maha paling bener,negative
lawan roky gerung ajak argumen kagak nyambung otak k s ng pintar ajar dulu baru debat,negative
panik bung roky tutup tidak tahu sering jawab mutar mutar,negative
pepatah kata kau nasihat orang bodoh singgung kau nasihat orang bijak renung,negative
wkaka aduh pak silfester terlalu jauh pak beda kapasitas rg,negative
badan besar otak kecil,negative
orang yg dpat jabata dng esnsi mendapatkamya bagagai ender yg lapar haus jbt per oramg yg satu,negative
susah kalau ngomong sama orang bofohbtolok yerangbpribadinorang,negative
hilang harga diri,negative
mahasiswa pusing klu punya dosen model begini bicara kayak helikopter,negative
tdk punya jabat mungkin buzzer,negative
kocak banget lawan bung rocky model gitu,negative
indonesia butuh orang rg yg kritis walaupun bukan siapa orang yg cerah anak muda ikut pikir kritis iya yg abu asal bapak senang abs,negative
omong tefud gak buktikanitu nama nuduh kalao o o h roki dmpah,negative
rocky sangat guna buat bangsa manusia manusia,negative
kelas bung nyala,negative
cermin kuasa triak aok jago,negative
roky luar biasa cakepp jadi mao ajar,negative
jadi tahu siapa bodoh siapa pintar laku sekali kau silferster,negative
rocky memang cundang,negative
silvester kurang tahu argumen depan roky emosi,negative
orang yg banyak bicara action dungu,negative
pelihara mulyono begitu,negative
malu sekali borok bongkar bung rokky hidup mahasiswa,negative
roky gerung selalu rasa pintar fakta isi otak penuh fitnah mohon roky gerung jangan tampil siar tv,negative
rocky ilmu abunawas tdak mungkin klah,negative
hajar aja jengkel kalo dya jelek kin orang se dya tuhan,negative
susah klo jilat gmpang emosi,negative
lamborgini lawan supra x,negative
emang kali bung rocky kayak sinetron indosiar wkwkwkwk,negative
ne ikan bukan pancing udah rebuss jadi jdi ikan pindang hehehe,negative
orang hukum kok marah ampun silvester,negative
bapak cerdas bangsa semat kan gelar otak bung sehat selalu bg rocky gerung moga ilmu yg bapak milik cerdas generasi anak bangsa nya,negative
orang pintar rendah orang rasa lebih pandai orang rocky memang pintar sayang akhlak adab nya selalu rasa paling pintar sendiri,negative
silvester mampu kendali emosi kelas org hukum model,negative
silvester ko reaksi padahal rocky sebut nama ala rasa dangkal sekali serang personal beda kelas rocky makin banyak ngomong makin lihat kapasitas berfikir,negative
rasa ga banding bung rocky dapet lawan debat yg gin metode pikir aja ga ngerti ngaku baca m a w brouwer iya kayak sampe halaman doang,negative
sikap songong kasar sombong silfester lihat sendiri ketidakmampuan kompetensi bidang hukum sungguh ironis sedih wajah hukum citra hukum negeri cinta,negative
debat ahli filsafat kok pake emosi keluar dungu nya,negative
hahaha org yg kalah debat biasa emosi kalo lewat emosi hahahaha,negative
salah satu sebab indonesia gabisa maju lihat komentar sini lihat yg bela silvester pilih benar salah bahkan contoh ulang kata silvester sperti bujang lapuk muter muter lebih parah jumlah sangat banyakk,negative
wkwkwk emosi niee cilvester,negative
leho eusi otak eta jelema lanjut bang roky,negative
carmuk kalah mental lawan roger,negative
salah pertama lawan rocky gerung potong bicara nya,negative
bilang bung rocky bujang lapuk bung rocky soal broo aku kalau memang bujang malah emosi bilang bodoh sama bung rocky tau bodoh aku lebih orang,negative
silfester siapa baru kenal pernah buat apa,negative
tonton bodoh,negative
rasa paling hafal blom tau roky gerung,negative
siapa suruh malas baca,negative
debat sama orang tolol butuh energi besar semangat bung rg,negative
da bang rocky segan segan tegur orang laku salah siapa orang pandang bulu,negative
inew datang orang ounya kapasitas lawan debat rocky,negative
tulus cerdas lihat dr sikap yg tenang,negative
ha ha bujang lapuk mak jleb sikit terang,negative
banyak cawe cawe jokowi la jelas ikut bagi sembako,negative
rg dikatain bujang lapuk reaksi tenang senyum eh rg bilang silfester jilat ngamuk ngak etis ngak cocok hadir dlm debat ikut ngak punya ilmu yg pada sangat malu,negative
emosi tanda gk punya kapabilitas,negative
bung rocky memang cerdas jadi tau kurang wawas lawan debat rocky gerung tp aneh kok jadi silah isi sendiri titik nya,negative
kalah debat kok ngambek gak malu apa ngeluarin kata gitu trus nunjukin emosi ny depan mahasiswa kawan jangan tiru,negative
manusia sekarang klo salah marah,negative
cundang yg rugi bangsa kalimat selfister rugi bangsa koruptor pantas rocky bilang bodo,negative
jangan paksa pola pikir orang ikut pola pikir,negative
ngapain orang ni undang,negative
miris lawyer satu modal emosi doang tahu,negative
siplester adu otak kalah ngamuk,negative
lha kok ngamok kalah debat malah maki maki wkwkwk childish sekali,negative
rocky ahli retorika bukan ahli logika ahli retorika makanya ngomonnya banyak muter muter,negative
lapuk yaa,negative
bilang percuma debat lawan rokki gerung ngga mungkin menang,negative
aku tetap bang roky iya cerdas pintar sayang debat orang yg salah iya nga mampu debat serang pribadi bang roky,negative
orang cerdas d lawan,negative
habis lu kulit rg,negative
kata loyer kok cara berfikirnya kayak gak pernah sekolah aja aku aja yg gak lulus sd aja paham,negative
silvester udh kalah debat dy emosi ngomong kasar,negative
jangan kasih kendor bang roger,negative
saran utk solidaritas merah putih baik turun tum kalian masak org dungu jadi ketua umum kan,negative
singeruk kalah usaha delik ha ha ha ha ha,negative
mana sambut sambut tangis derita yg bener memang kalau tolol memang susah,negative
kerreen bung roky,negative
istilah tp tuju kok muter muter,negative
silfester silfester yg tdk cerdas selalu bela yg sdh jls salah,negative
orang yg punya akal sehat waras yg harga juang orang yg usaha baik mungkin maslahat baik rakyat otak yg cerdas tutup akal sehat yg waras hingga penuh benci selalu pandang sisi buruk salam akal waras,negative
bang rocky jangan kau lawan keras lawa bodoh liat gaya bang rocky marah malah dekat trus dekat cari momen siapa mukul duluan saat kena pukul udah habis semua udah rocky menang semua pdhal gua bnci rocky musuh debat gak bobot,negative
mana salah nya silfester bela pak jokowi si roky selalu jelek pak jokowi bilang bujang lapuk bener memang bujang lapuk wanita mau sama si roky mulut nya adab,negative
sifat jilat selalu emosi yg depan otak gk guna n lbih trliat kedunguanya,negative
acara gak didik jangan adu domba ah,negative
pak rocky kan akademisi bukti laku lewat pikir lewat analisis ilmu beda polisi sidik yg emang jelas tunjuk bukti konkret,negative
tdk maling teriak maling tdk jilat teriak jilat bung silvester sangkal sama hal aku,negative
klo emosi masuk ufc sekali bos,negative
bung rocky kok mau bicara sampah,negative
roki j ny awal akhir bicara ny mau terang kn tpi gk jg buktiny,negative
pintar rk aq salut klo jelek timnas sekarang aq gak suka beda olahraga sama politik olahraga perlu stamina politik kepinteran individu sialakan rg politik gak usah masuk je ranah sepakbola,negative
salutt buat bung silvester mampu ungkap bodoh rg emang yg emang dungu buuangan lapuk tdk paham cara pikir lebih dahulu kan emosi nya akal sehat nya mungkin akal nya tdk sehat tdk pantas contoh sangat dangkal malu sekali semangat buat abang silvester eh salah roki gerung sang guru bangsa juang akal sehat,negative
profesor ngajar aja gak tau kuliah hukum nembak silfester stallone,negative
aduh si jilat ngaku sendiri,negative
orang yg bodoh memang orang yg kontrol emosi mengedapankan otak otot,negative
acara jelas bayar si mulyono,negative
tertawa babi buta bela junjung,negative
rg org cerdas detil nya rg org cerdas no indonesia,negative
mungkin bodohin nonton bodoh rocky gerung,negative
pak silfester ga pusing krna banyak duit jd ga ngaruh sembako yg harga makin naik tiket pesawat harga makin naik pajak makin naik byk lain ga ngerasa efek dr pimpin mulyono yg makin jadi,negative
sd baca jokess lawaass garing gendt,negative
rocky bilang bujang lapuk tenang lawan intelektual lah luh baru sebut gitu doang langsung keluar jurus mabok,negative
rocky gun logika lawan gun dogma liat jilat,negative
astaghfirullah pak rg jngan bikin bpk emosi hampir nang karna bikin malu depan mahasiswa juta tonton kasi jadi tambah liat bodoh nya padahal kn udah capek timba ilmu sh ruko,negative
rocky kok lawan bos otak jenius bos,negative
cawe cawe tau nonton aja kongres nasdem jokowi dgn gamblang kata pihak prabowo gibran ngomong sama surya paloh nonton deh,negative
hidup bahagia muka cerah mulut kotor,negative
sy tertawa dgn yg baju biru,negative
aku ngakak pas bang rocky bilang you bodoh,negative
penasaran dgn lanjut,negative
sidungu yg sungguh aku prnh mmbaca sbuah buku sejak sd tanya isi nya tak bsa jelas malah emosi yg tnjukkan,negative
klw zaman suharto udah dor,negative
hahaha orang malah malu diri sendiri hadap rocky gerung,negative
kamu ngaku wkwkwk ngakak guaa,negative
silfester balik aja profesi asal jd debt colector gak cocok jd praktisi debat,negative
rg memang hebat lawan bicara nya bakar rambut bukan lg jenggot,negative
silvester otak nya engk pake aja yng otak nya bwah rata aja jelas cara pikir om rock lulus hukum otak nya engk jalan,negative
rocky mmg perlu sekal kasih bogem mentah terlalu arogan sombong,negative
silvester gak bobot debat asal tahan yg gak real,negative
aneh rocky grugung dy dluan yg bilang bodoh gilir d balas omngan bilang kasar aneh lg dukung benar smua lucuu,negative
silvester pecat masa jadi ketua,negative
aiman aiman knp main sirkus utk jurnalistik semua org jg klo debat publik dukata i bodi dungu jg singgung vek diri masing aja klo gavtersinggung justru ajeh bilang bidih daj dungu d publik konteks yg jelas koq berita ky gin ttp dirikis d mefia aiman klo mo maun sircus jgn d media media jd turun kelas dr hrs media informatif yg kelas jd sirkus badut tdk didik sm sekali kecewa publik,negative
silvester jebak dungu,negative
jenius skali rocky gerung,negative
silvester kecewa g dpt jabat,negative
bju biru dgn sombong kata org hukum pdhl atas langit msh hukum tyme sbg adil akhir manusia yg buat dr tanah hny beri jantung sadar manusia rasa kuasa dgn nm hukum,negative
gasken bung rocky,negative
roky cuma berfikir apa yg fikir apa yg rasa benar menurt guna tdk guna org sama skali siroki cuma hasud menfitna mencacimaki otak tapa kaki,negative
gag sampe ilmu nya p silfer,negative
benci hancur logika asa,negative
rg cerdas bangsa kalah debat rg jadi emosi jadi cundang,negative
kalau ga ilmu buat debat mending pulang aja peluk guling kamar bung silfester,negative
rg iri dengki mnghasut rusak bangsa fakta hukum cuma opini doa siapa bela rg arti orang bodoh semua mnghujat mnghina dosa laknat allah swt kuliah ajar sesat kalau guru bgini allah smoga baca kubu rg dengar smoga kalian kena azab enak mnghina orang,negative
siapa bela banget bpk padahal jelas masyarakat bjk susah skrg kelg senang nikmat mewah masak tak lihat,negative
orang emosi debat situ lihat bodoh yg hakiki hahha,negative
gilaa keren banget ni episode,negative
rocky apa yg sampai ungkap suara rakyat tuju terus suara rakyat wakil,negative
salah moderator nya debat dua kok tengah sejak awal kalau waktu bicara rocky gerung biar rocky gerung bicara selesai beri sempat silvester matutina,negative
semogat bung rg sang cundang sdh bara,negative
pak walpun bujang lapuk pkroki nggk pernah nggu istri bapak,negative
ijazah tanda orang pernah sekolah bukan pikir the best of quotes,negative
kepala panas lama struk,negative
dulu lebih tonjol adab drpd ilmu kalo sekarang uda balik,negative
klo g rasa jilat tp marah wkwkwkw kocak lu silfeser wkwkwkw g rocky g party joss sikat habis bang rocky yg dungu,negative
kasihan skali org ituh,negative
otak kosong kok undang bung aiman salam akal sehat rg,negative
gila rocky ngerjain abis abis an menyalaa abangkuu,negative
roky usak generasi bangsa memprofokasi rakyat hujat hina pimpin profokator ribut slalu buat orasi indonesia ribut tak kaca tak yubit diri dulu tak tau beratya pimpin negara,negative
debat baik rg mahh kerass,negative
apa sih makin ga manfaat aja acara acara begini nih,negative
rg usaha jelas runut mulai landas filosofis bukti cawe cawe sumbu silfester terlalu pendek memang semua orang ajak logika pikir hasil ken adu jotos kek preman pasar dah beda kelas,negative
banyak kali simulasi mu roky,negative
wooii jas biru kau usaha bukan arti kau cerdas ilmu umum kau menang nasib jadi usaha rakyat bodoh,negative
kt gw mah malu pak sm mahasiswa sumpah,negative
apa yg kalian harap kan apa tuju kalian kalau pintar kalian nya jadokan panutan,negative
roky terlalu bual tdk mungkin jd pimpin org yg tdk punya mampu utk pimpin,negative
kata irma chaniago roki badut,negative
ternak suara salam akal waras tertawa huaha hahaha,negative
gak roki gak rame,negative
bahasa roky gerung muter bahasa licik terhepnotic cerdas tanya cawe jokowi roky jawab muter hti,negative
saklekk,negative
yg ngaku jilat yg marah yg emosi sendiri liat bgt bego org,negative
jokowi nemu aja orang bgini dr jaman ali ngabalin sllu kalah smaa rocky,negative
rakyat miskin kenal si roki bro,negative
hebat bangeut rg payah ahli hukum tanya satu masalah ngga jawab,negative
mulyono akhir masa jabat malah rusak tatanan negara astaqfirullah,negative
bang rocky bilang nonton bodoh mu langsung bungah,negative
jilat rasa marah jebak,negative
banyak jilat yg munafik cari jabat dn proyek kuasa negara rakyat kecil yg mayoritas selalu jadi korban harga sembako mahal pajak macam yg paksa rakyat kuasa tambah tdk peduli kaya diri mau bawa bangsa,negative
makin jelas jilat jya,negative
antek jokowi kok jdi kaya gtu,negative
kalah debat jd emosi malu makuin,negative
vidio tiba tiba masuk grup whatsapp padahal grup sepak bola,negative
salah satu lebih r g biar serang banyak orang tdk pernah emosi hadap lawan debat nya,negative
meyalalah pak silfester reublik butuh panuttan,negative
emang kalo bang rg acara jadi seru jadi ga ngantuk,negative
gue gak tau apa tntng politik tp gue tau bgt pola pikir nya bang rg,negative
silfester bicara sok pintar malah lihat bodoh diam lebih baik mulia bicara sok pintar sok tahu ujung ujung bodoh lihat,negative
hahahahaha pancing emosi liat dah asli,negative
gue anak hukum malu banget liat,negative
moral mana silfester banned silfester,negative
rg rg ngapai debat isi buku woi,negative
pancing ikan yg lapar,negative
yah tahu siapa yg bodoh,negative
rawan jokowi tetap klo udh selesai masa jabat jokowi ganti nama jd rawan gibran rawan kaesang rawan bobby rawan jan etes rawan erina rawan jokowi dynesty,negative
rk towel dunia politik,negative
ikan pancing patil nyangkut tinggal sentak ikan toman,negative
abu hurairah meni perawi hadits,negative
kesini gara gara ig dzawin,negative
lebih baik bljar dl utk jiwa debat gk usah undang buat kacao sdh gk jelas terang ka tp nyampek kok marah,negative
ga langsung bung rocky ngasih kuliah mahasiswa,negative
tutorial malu diri sendiri,negative
malu aku orang hukum kalo mudah pancing kata sendiri claiming to be intelligent is wrong to many people,negative
beberapa tahun silfester mikir sehat tau benar malu kalo lihat,negative
tinggal bilang tau atw susah,negative
gimana orang ajak bahas ikan kalau ga tau ikan apa nak dikasitau malah nyeyel umur tua emang lucu lucu,negative
siapa rusak demokrasi negeri semua tahu orang nya,negative
yg emosi jilat apa cerita tetap jilat,negative
hahahhaa bodoh minta ampun ngga debat andal fisik lanjut kan didik pikir bung rocky,negative
mulut sidungu,negative
emng orng klo udh kalah omng ujung yg d pake emosi tuhh bukti,negative
bilang orang hukum mungkin hukum yg beli kalau emosi,negative
ngaku orang hukum bahasa nya luar biasa,negative
tau siapa benar yg salah tahu mana yg pintar,negative
si rocky gerung kayak ndak waras kali ngomong pakai teori teori langit padahal mana org peduli sama teori edan tenan,negative
bahasa guna rocky provokasi etika kasar bahasa guna rocky bukan bahasa intelektual akademis santun,negative
jgn jadi dosen dlm forum in rocky buat bosan dengar omong km ni,negative
betul yg kata bung roky banyak jilat mulyono,negative
sylfester aku orang hukum hukum mana profesor khayal waktu kuliah ruko,negative
lambang bodoh tu yg jadi lawan prf roky,negative
haha ulti bung rg raka mungkin bodoh tonton bodoh,negative
jelas dungu silferter,negative
hh apa master lu ajak duel malu maluin aja lu lihat isi ilmu suhu lu lawan hh,negative
seperti banyak makan kepala ayam kepala ayam otak semakim sering makan perlahan isi otaknyaa,negative
apa apa serang pribadi,neutral
no rocky no party emang party klo gak badut gak seru,neutral
ngapai sensor takut kpi,neutral
sylvester bukan stallone,neutral
kejang kejang kwan no rocky no party,neutral
loh kok ngamuk no rocky no party,neutral
wkwkwk bukan jilat bagi jatah baru proses cara bicara udah jelas,neutral
in law there is no right answer the tifgt,neutral
t,neutral
maaf mas silver jangan bilang jantan jantan sm roki gemblung eh roki gerung si roki bukan jantan senang sama yg jantan,neutral
klo bukan jilat ngemosi bapak,neutral
silvester bukan jilat buzzer,neutral
kalo singgung jangan jilat,neutral
jelas bukan jilat apa kira kira,neutral
the real no rocky no party,neutral
bukan level rocky kasihan,neutral
bukan roki hasut,neutral
no roky no party realyy,neutral
kalau bukan jilat marah,neutral
nonton video dungu,neutral
no rocky no party hidup rocky gerung,neutral
kelas hotman paris aja tak kutik apa keroco keroco kuman,neutral
hahah no rocky no parti the best rg,neutral
bukan level rg,neutral
dzolim bukan kata org kata lu ngomong san sana kemari,neutral
jangan udah bodo,neutral
ber jas bukan arti punya otak,neutral
logika nya sangat sederhana rocki gerung ilmu logika bukan undang undang siapa yg mau debat rocky dunggu arti dunggu kan,neutral
bukan as nya rg nih orang,neutral
argument lawan argument bukan sentimen,neutral
cocok jangan tampil debat malu in,neutral
no rocky no party santai air nyala api,neutral
tenang bgt woyy rg,neutral
rg sok pintar takut,neutral
rg tak tanding,neutral
cundang bukan jilat,neutral
debat adu argumen bukan adu sentimen,neutral
no rokh no party,neutral
tak perlu kau tau,neutral
roky bukan debat muter muter,neutral
tak perlu cari jilat ketemu sendiri,neutral
jangan gelar shnya beli tuh,neutral
bung rocky kan lg jelasin bukan muter org yg djelasinnya aja gk ngerti jd ngulang ngjelasinnya wkwk,neutral
neng lihat debat,neutral
makanya jangan serang pribadi outomatis gue bilang lha,neutral
no coment,neutral
tutup kurang orang dungu biasa pilih depan dekat emosional,neutral
tak pusing pusing,neutral
bukan rocky gerung nama kalau gak tele,neutral
thn skrg rocky bukan thn bangun jgn mimpi,neutral
no rocky no party nyala,neutral
aku cm kuli tpi neng nonton acara kuliah gratis bung,neutral
jangan ikut debat kalau kurang ilmu otak,neutral
akai no ulti,neutral
bukan masalah ngaku roy tonton ngakak,neutral
ruang debat bukan ruang sidang,neutral
tinggal nie lihat drama indonesia,neutral
no rocky party,neutral
prinsip negara bahasa diri jangan campur campur,neutral
rocky ni boss bukan kaleng,neutral
no rocki no party,neutral
silfester bukan kawan nya twety kasih ikan lahap dehh,neutral
siapa siapa nothing bahasa templated anak tektok basi achh,neutral
depan anak ui malu bukan main luar biasa,neutral
cerdas tiada lwan ni bung roky istmiwir,neutral
rocky bukan forum kuliyah lawan gk butuh ajar kuliyahmu tp lgsg poin jawab,neutral
rg memang top bukan jilat,neutral
bukan tanding bung rocky,neutral
debat intelektual tak mampu emosi kata kasar keluar lah cundang benar,neutral
si roky garong pintar teori ajar teori teori hidup bukan butuh teori praktek,neutral
siapa nothing,neutral
jangan bilang jilat bagaimana kalau gonggong,neutral
rg l kereen luarr biasa,neutral
emang bukan mahasiswi dugu,neutral
org jokowi dlu iklan psi bukan cawe,neutral
kelas jilat bukan kelas lawan rocky gerung,neutral
jangan undang mas debat orang mas,neutral
roki bukan tsk laku maulo o on bilang roki cundang,neutral
klo emang bukan jilat marah,neutral
pak roky bukan bpk px kelas jujur aja pak klu ggk tau nyerah dong,neutral
no rocku no party,neutral
jilat memang tak tau malu,neutral
sidungu nyata bukan pintar jilat pinter ngamuk,neutral
bukan klas nya bang roki,neutral
no rocky no party uyee,neutral
sih no rocky no tensi,neutral
rocky jantan ga punya jantan,neutral
tau msbreewc bukan maw brouwer,neutral
bukan aja roki bikin kisruh aja,neutral
no rocky no party lanjut bung negri,neutral
bukan contoh yg baik,neutral
jangan buat canda sedang ibadah sedang makan sedang tidur,neutral
bukan level bang roky,neutral
pacta sunt servanda bukan janji yg ucapakan yg benar janji tepat misal ucap janji bukti thanks,neutral
rg chef yg handal no rocky no party,neutral
kalo bukan jilat marah,neutral
ih bukan nya rantam,neutral
aq bukan pihak ama kuasa mulyono aq dr dulu gak suka roki gung kalau kasih respon sang at songong konyol,neutral
banyak teori doing nothing rocky gerung,neutral
kpai mana kpai,neutral
gokieell no rocky no party,neutral
don t judge a book just by its cover jangan nilai bung rg omong makna nilai isi,neutral
hahahaha anjiirr anjirr mah bukan level sama rg curiga sdnya ga tamat,neutral
tenang nya luar biasa bung rockyy nyala panutan,neutral
koyo nonton wayang kulit,neutral
bukan kelas kau rocky sylvester,neutral
rg anak manado bukan kaleng kaleng,neutral
rocky rocky bukan main lawan ko tengah jalan,neutral
orang jaga masyarakat maupun negara jangan tangan kotor luka,neutral
silvester ni apa sihh,neutral
bukan tanding bung rocky,neutral
no rocku no part,neutral
jangan kasi silfester nongol tv,neutral
mc nya kurang kondisi,neutral
jangan jadi batu sandungan,neutral
anies pas debat nyerang pribadi,neutral
silvester komplot kurang argumentasi,neutral
no rocky no party mantab rg,neutral
seperti beliau takut khawatir dg apa yg sampai bung rg sejak awal hingga akhir beliau selalu sela bung rg pernah beri waktu kpd bung rg selesai kalimat,neutral
mau meni bukan urus kamu,neutral
rocky bukan lwn debat nya terlalu kuat,neutral
bung rg orang guna bukan cundang bung,neutral
kamu yv rugi bangsa bukan rocky,neutral
no rocky no party yiihhaa,neutral
ngapain jawab pertanyaanya rg kamu bukan dosen,neutral
tahu buku being and nothingness tulis jean paul sartre martin heidegger tulis buku being and time,neutral
waduuh mah bukan pancing udah makan wkwkwk,neutral
satu ikan pancing no rocky no party,neutral
pikaseriuen no rocky no party,neutral
cundang bukan bung rocky tp yg ngomong,neutral
ach rocky org kurang ajar tdk perlu bicara kan org,neutral
tak selefel,neutral
tuju rocky no rocky no seru,neutral
bukti bukan opini,neutral
jan debat sm org filsafat eyy pak sm yg terhormaat mmnang kaw pen jilaat,neutral
orang tak pikir banyak bilang mana cabe nya cabe pedess orang pikir bilang cabe masak rasa ruarr biasaa,neutral
bukan jilat kualitas kalau bukan jilat modal coba,neutral
rg bentak bukan mundur nyamperin keren,neutral
judulx aja rakyat suara om bukan rakyak bukti skalian blajar filsafat,neutral
maju terus rg orang cerdas tenang,neutral
silfer bukan level roki bukan kaleng bos kasihan sekali silfer,neutral
kalo sama rg mah jangan bicara literatur pustaka jalan,neutral
kali aku no rocky no party,neutral
preman jangan ajak diskusi bisa hina orang,neutral
bukan sambut sih benar cmn penasaran jokowi gimana klw liat langsung,neutral
orang awam aku bingung tuduh bukti bukan fitnah,neutral
silv rg nothing pak jokowi x lipat dr rg nothing x ga lgs silv nilai jkw aka kosong,neutral
no roky no party,neutral
no rocky no party,neutral
no riocky no party,neutral
negara bukan negara mafia jangan dek yaa jangan dengar yaa dengar kann,neutral
kosong bukan galon isi ulang,neutral
debat rg jangan pernah mau masuk filosof,neutral
minta bukti fakta padahal bukan acara sidang adil,neutral
rocky bukan kelas gak lawan rocky jadi debat kusir,neutral
siroki bukan biarwan pelihara,neutral
rokky cerdas bukan bodoh rakyat,neutral
rg opini tak beri bukti atas cawe cawe yg laku jokowi,neutral
bukan kelas bung rocky bumi langit ilmu,neutral
no rocky no party malu tuh si plester debat kok nyerang personal lihat klo kosong,neutral
bukan level rocky,neutral
ilmu memang nomer bukan otot,neutral
siapa kesini bukan karna politik karna kepo antem,neutral
urus publik jangan dicampuradukkan dgn urus pribadi spt yg sampai lawan debat rocky tonton publik jangan malu in,neutral
kan bukan tempat arena tinju,neutral
norocky no tepuk tangan,neutral
muly no muly ni sejol,neutral
info ig abang,neutral
bung loh bukan kelas bang rocky loh sendiri ngaku jilat,neutral
no rocky no party manyala bung rocky silfestr tonton kebodohanyaa,neutral
tenang menang,neutral
being and nothingness sartre bukan heidegger,neutral
pintar rokki tak banding p jokowi,neutral
jangan mudah pancing gaes pasti briefing pasuk studio,neutral
no rocky no party lanjut,neutral
jangan main teori dah sama bung rg,neutral
bg rocky bukan benci pimpin kritik pimpin kan bg rocky rakyat indonesia daulat tinggi tangan rakyat indonesia,neutral
kayak debat bukan rakyat bikin otak blinger dgn istilah,neutral
yaww no rocky no party,neutral
pas debat nonton live pas momen lgi rantam udah ku duga bakal viral nyata benar pas ku cek yotube,neutral
bukan kuliah dunia nyata,neutral
silvester kosong nothing,neutral
jangan main fisik donk,neutral
roky bukan lawan kamu bapak,neutral
rocky gerung cuma amat bukan orang praktek,neutral
lu bukan lawan nya rocky krn rocky bukan penjilaat penjilaat yg jabat,neutral
mana ig nya,neutral
nyesek jebak batman,neutral
never trust politicians,neutral
kalau gak jago debat minimal jangan emosi,neutral
tidak usah pake istilah yg sulit paham,neutral
bukan lawan rocky,neutral
wew nyata rg cukup dingin kala didih keren,neutral
no rocky no party yuhu,neutral
kurang wawas,neutral
being and nothingness karya sartre bukan heidegger,neutral
bukan level bung rocky kasihan lantang sekali lihat dungu,neutral
jangan macam macam sama bung rg,neutral
being and nothingness bukan tulis heidegger tulis jean paul sartre tulis heidegger being and time,neutral
bukan bukti si rocky hebat bung wkwkwk,neutral
no rocky no partyy gass,neutral
debat adu argumen bukan sentimen rocky gerung,neutral
no rocky no party g tenang udah liat kalah debat,neutral
debat harus cakap analisis suatu pikir bukan manifestasi emosi,neutral
kan ruang diskusi bukan tempat sidang bukta bukti bukti aneh bgt,neutral
si aiman tdk apa apa lihat pihak,neutral
tak banding tingkat orang ilmu jilat,neutral
yg cundang bpk roky bukan jabat bpk dewa sang idola bpk,neutral
silvestre rambo otot pake bukan otak dy tdk paham yg maksud,neutral
jangan macam macam dg roki kaluo tahu mentah,neutral
hai roki jangan bawa agama,neutral
kalah debat jangan marah pak,neutral
bapak baju biru argumen balas argumen bukan emosi,neutral
kurang wawas nya,neutral
bukan rocky namany klo bicara suka muter g jls lama msh hdp dunia kiamat jg spt trs,neutral
jangan cundang yg ngomong,neutral
no rg no party,neutral
jilat tak ngaku si jaket biru,neutral
ukur dulu kalau mau debat berapa iq minimal jangan iq ajak debat,neutral
mau komen takut banyak tukang bakso,neutral
bukan kelas nya rocky gerung banting pak silvester,neutral
klo bukan bakal singgung,neutral
dzolim mulyono bukan bang rokky,neutral
woy bapak baju biru acara debat bukan ajara gelut,neutral
no rocky no party tim bung rocky,neutral
hui roki sini bukan ruang kuliah lho sok sekali jadi org,neutral
jangan lawan debat rg lulus kan dosen nya dgn paksa,neutral
debat lawan bung rocky bukan apa,neutral
being and nothingness judul buku tulis bukan martin heidegger bagaimana utara rocky gerung tulis jean paul sartre,neutral
ahlak indonesia bukan bung roxy,neutral
bukan lawan dg rocky masalah debat,neutral
bukan dukung rg ikan pancing,neutral
no rocky no party lawan nya aneh,neutral
ikan pancing no rocky no party,neutral
ni sih bukan debat ngelantur kmna,neutral
no rocky no party gass terus bung rockyy,neutral
sabar tinggal bukan,neutral
hahaa bukan kelas nya,neutral
kalo menang jangan emosi donk pak,neutral
no rock no party kalah telak lawan rocky,neutral
no rocky no tensi,neutral
rg jangan pernah kasih panggung propokasi,neutral
bukan level bung rockky,neutral
bukan level debat bung rocky,neutral
bansos bukan cawe cawe yah,neutral
kalau berani debat jangan debat personal debat sopan,neutral
bukan level bang rocky gerung mah,neutral
no rocky no party lanjut bung rocky,neutral
n a f s u,neutral
kalo bener bukan jilat ga singgung,neutral
jangan saling jelek jangan rasa paling benar,neutral
bukan masalh pribadi masalh negara kau bung gk nyambung,neutral
bung rocky tinggal aja buang energi bukan level nol etika,neutral
bukan nama kucing sylvester kartun,neutral
rg emang luarr biasa,neutral
bukan cawe cawe kw kw,neutral
debat pakai otak bukan emosi cecar pribadi,neutral
rocky tenang sekali,neutral
p roki jangan nbulet kalau ngomong,neutral
no rocky no news,neutral
no rocky no party mantap,neutral
rocky bukan benci jokowinya benci sistem laku yg kerja negara,neutral
bukan gimic kayak indosiar kan,neutral
jangan ban argumen rocky kalau ilmu minim,neutral
keren no rocky no party,neutral
ikan pancing hajar bung rocky no rocky norty,neutral
no rocky no party the best pokok sibapak ngomong jangan ngerendahin orang sendiri hina bung rocky elaa,neutral
yg kurang tahu jangan tampil publik,neutral
nyata bukan agama aja fanatik filsafat,neutral
bukan class nya bung rocky liat ko mn yg lebih pintar,neutral
preman yg dipake otot bukan otak,neutral
muks teganglayak gitu bukan jilat emis politik,neutral
jangan pake emosi bang sil pake kepala dingin loh,neutral
beda kasta ni wawas dua beda bukan ranah roky,neutral
silfester is nothing,neutral
rg bukan bodoh tpi buka pikir orang yg mau berfikir,neutral
beliau bukan sembarang beliau,neutral
jokowi bukan sambut jalan kalian tutup saat masyarakat aktivitas paksa tunggu jalan buka,neutral
ngakak se ngakaknya jelas bukan lawan rg lah,neutral
dikatain rocky gerung nothing aja lu pak yg aku gak tau nama,neutral
lelaki jantan pak rg,neutral
rg muter gk jelas,neutral
bukti bukan muter muter,neutral
jas putih debat pakai emosi bukan pake otak,neutral
bansos bukan tugas si joko aja uda bukti,neutral
bung rocki tiada lawan gaass truss,neutral
ni org yg nothing,neutral
being and nothingness bukan tulis heidegger tpi jean paul satre koreksi utk bung rg,neutral
selfester jangan hadir,neutral
moderator jangan biar keluar masalah,neutral
jebak batman,neutral
kalau bukan jilat rasa panas,neutral
nada ngaku,neutral
akhir tidak mampu sisa mampu emosional,neutral
bukan lawan pak rg,neutral
bukan musuh bung roky,neutral
pinter bicara tak pandai kerja semua orang asal gemar baca framing style,neutral
jangan emosi dong kaya gerung,neutral
klw langsung poin bukan debat nmnya klw langaung poin buwat apa tonton anak mahasiswa bro,neutral
nontonya gel oy,neutral
bukan lawan rocky mah bro,neutral
bukan lawan rg tanya rg ga tau,neutral
bukan tanding mas roky,neutral
bukan kelas bung rocky lah bray,neutral
kurang bahan timbul emosi,neutral
jilat jangan lawan rocky,neutral
no rocky no party kasi paham,neutral
rendah,neutral
jangan bawa nama rakyat rakyat gk percaya sama elit politik,neutral
bawa acara panas suasana bukan narasumber,neutral
pak maaf bukan lawan roki gerung,neutral
kan jelas janji ucap,neutral
being and nothingness sartre btw bukan heidegger,neutral
jangan bawa bawa katolik dong hina agama katolik,neutral
no roky no partt mantap,neutral
silper bukan lepel rokg grung,neutral
bo rocky no parti,neutral
jangan mengatasnakan rakyat selfersyer cermin manusia normal,neutral
m a n t a p r g,neutral
aiman host jangan gitu dong,neutral
bukan level rokki saangat jauh,neutral
forum debat harus dg argumentasi bukan ngotot tunjuk otot malu,neutral
prek no coment maem,neutral
jangan cuma pintar ngomong perlu hasil kerja,neutral
no rocky no parteeh,neutral
jangan jangan gak ijasah,neutral
rg mah tenang ajaa,neutral
bukan lawan mu klo blum sampe jngn ikut an debat,neutral
lu silfester jokowi yg ijazah nya palsu are nothing,neutral
jangan baper dar tonton,neutral
bukan jilat saat kemudian pak jokowi ribu persen lebih guna,neutral
rg kamu ngaku no rocky no party,neutral
roky tonton bukan main,neutral
pak jangan kalah debat bukan jilat penjiot,neutral
no rocky no party salam akal sehat,neutral
silvester tak ngerti apa yg kata bung rocky,neutral
panas niee kamu bukan kelas bung rg,neutral
kok yg hehe no rocky no party,neutral
you are nothing silfester,neutral
yah kalau beda alam yah jangan berani debat berani debat yah sama alam nya yah sama bidang nya,neutral
jangan emosi bang,neutral
bukan tanding bung roky,neutral
org sensi jngn ikut debat yg peke otot bukan pake otak,neutral
jangan la bilang bujang lapuk,neutral
no roky no party beda kelas coy,neutral
no rocky no party thxs bung rocky,neutral
ikan kena pancing no rocky no party,neutral
haha no rocky no party,neutral
puja mulyono lgsg kumat asam lambung no rocky no party nyala bung rocky,neutral
orang hebat bukan banyak mulut tindak,neutral
kalo bukan jilat knapa singgung,neutral
no rocky no partyy,neutral
kalau debat lagsung to the point bukan debat dong mantp rg,neutral
betul rg is nothing omon omon,neutral
no rocky no party boz habis si silfester kena pancing,neutral
benar tenang,neutral
jangan lawan sangkuni,neutral
kata cawe nga bukti lah bukan nga bukti sengaja tampak bahasa muter kalo orng kecil habis yg buat orng besar siapa yg berani usman bahasa mu nga enak dengar,neutral
no rocky no party is real,neutral
lulus imu hukum apa benar jangan jangan sulpester bukan oramg hukum,neutral
no rocky no party sukh awak,neutral
being and nothingness karya jean paul sarte heidegger tulis buku being and time,neutral
no rokcy no party,neutral
the only one rg,neutral
rocky bukan bodoh rakyat beri cerdas,neutral
bg rokyy bukan lawan mu broo,neutral
ikan bukan kapancing injak injak ancur,neutral
jangan d undang lg,neutral
yg cundang bukan rocky intropeksi diri deh pilpres kan ngk jamin allah yg tahu,neutral
iilmmu nya jauh bukan lawan nya ikan nya kena,neutral
tak perlu undang dtayangin,neutral
mo rocky no party,neutral
no rocky no party i like it,neutral
kalo bukan jilat apa dong nama,neutral
jangan undang,neutral
bukan dong,neutral
rg bukan rendah orang lawan debat memang udah rendah bukan lawan roky,neutral
adu argumen bukan adu emosi malu tonton banyak org aja begtu belakang wkwkwkwkwkwk paham kan,neutral
sitolol pancing no rocky no party,neutral
bukan ngaku ngerasa haha,neutral
jangan bw rakyat dong rocky,neutral
jantan rg,neutral
bung rg bukan tanding,neutral
siplester cocok ufc bukan forum debat,neutral
kaum memang zonk,neutral
rg jadi narsum tetap no rocky no party is back,neutral
kalo ngerasa bukan jilat ngapain jawab kocak,neutral
i wish never learn from blue one man in college,neutral
bukan kelas depat sang roky,neutral
bukan level om rocki,neutral
ijazah tanda sekolah bukan tanda berfikir,neutral
rg cerdas bukan kaleng kaleng beri suara lanjut bung rg allahyarham,neutral
ig spa,neutral
klarifikasi bukan jilat ber arti bukti jatidirinya,neutral
jangan pribadi dong,neutral
besok jangan diajakin lg,neutral
wkwkwkw main kurang jauh jng undang,neutral
rg tenang lawan belingsat hahaha,neutral
silverter tak mutu,neutral
no sensor liat,neutral
silfester bilang jangan vonis jangan framing laahh sendiri vonis framing benar benar,neutral
bung rocky bukan cundang yg tuduh justru bung rocky juang benar,neutral
udahlah pak silvester bukan lawan debat bung rocky bukan level jauuh bawah bung rocky tahu,neutral
adu otak bukan adu otot,neutral
bukan menang,neutral
roki bukan bodoh cerdas,neutral
bukan kelas rg,neutral
ikan panggang bukan pancing,neutral
jabat ato apa siap hujat bukan minta sembah,neutral
wow tak gentar sama sekali,neutral
cerdas no rocky no party,neutral
ngopi nonton omon,neutral
asli kan bukan settingan,neutral
bukan lawan roki bpk,neutral
jangan lawan rocky kalau literasi dangkal,neutral
bujang bukan sembarang bujang,neutral
ngeri rg bukan kaleng kaleng,neutral
bukan kelas rocky maluu klo jdi kwkw,neutral
kalau bukan jilat apa bual,neutral
biasa aja tak bukti,neutral
bukan lawan nya rg lawan nya anak tk,neutral
jangan ngawur km rokcy paus meni,neutral
klo bukan jilat pernah marah,neutral
roki bukan bodoh cerah pd bangsa utk generasi datang,neutral
debat tak mutu,neutral
jas biru ga debat bukan lawanny sama rg,neutral
tiada damai sejahtera rg,neutral
tumbuk apa jangan banyak cakap,neutral
sisi beda tengah tengah kalau adu argumen jangan menynggung pribadi orang,neutral
hahahah no rocky no party,neutral
bukan salah paman selenggara acara orang yg milik kapasitas undang acara debat undang orang bidang kerja okol kapasitas debat,neutral
no rocky no party moga bang rocky beri hidayah,neutral
emang kalau bukan jilat apa nama,neutral
d bilangin dungu bukan pikir mala tambah nampakin dungu aja truss,neutral
rocky nothing wkwkwk bakteri negara,neutral
rocky bukan orang hukum orang filsafat,neutral
no rocky no party orang lawyer tpi kurang teori,neutral
akhir abu janda part,neutral
silvester bukan jilat suka puji muji kuasa menang,neutral
bukan lawan bung roky,neutral
gurih no rocky no party dermayu nolak banteng,neutral
ma bukan level rocky,neutral
no rocky no party mantap lah bang rocky gerung,neutral
wkkwkwkwkwkw kurang ajar ga sih cuma tanya,neutral
anak buah jokowi kocak,positive
hahaha rocky gerung lawan ajar mental dlu jng emosional woow rocky gerung is the best,positive
tonton kebodohn mu rg,positive
pancing bung rocky bukti siapa dungu benar terima kasih bung rocky,positive
wkwkwkwk pancing wkkwkw liat lansung moral,positive
bung roky gerung mantap buat lawan emosi,positive
wkwkwkwkkw orang bijak pancing boy wkwkkwkwkw keren bung,positive
ngakak mantap bang rocky hajar rus,positive
rocky sangat guna proleta indonesia,positive
love u bang rocky salam akal sehat,positive
mantab rocky,positive
sangat guna kontrol kuasa luar perintah,positive
acara edukasi henti,positive
ig nya batas komen solmet,positive
lebih guna pak roky grung pak jadi loyer tujan cari bayar klo pak roky grung ajar gk prnah mau ambil gji nya universitas tmpat bliau mngjar poko pak roky grung is the best,positive
i love smart person like rocky gerung,positive
mana giat yg bikin negri makmur yg pecah belah,positive
mantap rocky gerung semangat,positive
no rocky no emosi,positive
legreekk bantal gobesas haha,positive
minus cra perfikirnya,positive
njir lebih seru stand up comedy,positive
ken,positive
ad bn gak silfester,positive
hebat rokky,positive
silahturahmi akun sosmed si jas biru,positive
aiman mana lah peran moderator,positive
si plester keren,positive
ricky gerung hebat,positive
tanya rocky jawab pak silvestre rocky,positive
roki yes,positive
cerdas bung rocky,positive
kali dukung rg berani kata jilat lugas,positive
bung rg keren gas terus baik demokrasi negara,positive
orang hukum ilmu hukum prinsip hukum gak tau bolos terus kok tamat buta orang hukum nyerangnya persona very good job bung rocky silfester panas,positive
beda kelas rocky sam silfester,positive
dosen versus acara gaasspooll,positive
dunguu,positive
mantap guru,positive
nyala bang r,positive
manusia sdh punya kuat logika guna logika kuat,positive
kwkwk kena mental uda jgn kena pancing mania mantap wkkwkwkw,positive
asa aing boga elmu luhur pinter ka balinger eweuh picontoeunana,positive
baris rocky gerung ucap nya kualitas,positive
akademisi lebih okay,positive
rocky mvp awokwokwowkowkwok,positive
ngaku ngoahahahahhahahhaha,positive
terima jilat,positive
gratis totoan mma kelas nasional,positive
we love rg,positive
cerdas bung rocky,positive
laku si silfester gambar laku bela,positive
main pasal an yg nyata aja ketua kpu mk ma,positive
terimakasih bung rocky,positive
masuk,positive
sini jalan jalan,positive
ribu komen dukung rg silfester apa baca buku gusdur silvester gusdur teme rg wkwkw,positive
sama umat katolik malu silvester matutina malu kristen imam katolik rekomendasi kaca rocky,positive
edukasi penting dunia didik sejak dini terimakasih bung rocky no rocky no party,positive
silfester kek pakai,positive
dua salah contoh baik masyarakat,positive
untung lihat apa sebenernya kok lihat sampe kelar,positive
rokyy mantapp,positive
sini aiman jiper ama silvester takut smack kaya,positive
satu harga diajarin rocky hari prinsip debat sederhana pedestalnya sama tuju debat,positive
silfester silfester,positive
yah baper si bapak wkwkwkk,positive
masyaalloh bung rocky klo ngomong bner tahu luas sekali,positive
thanks bung rg,positive
wkwkw lucu,positive
rocky hanya orang artis panggung yg selalu dapat applause dgn berani umpat provokasi tonton mungkin tarik tahu subyek kerjain subyektif tuntut obyektifitas rocky sangat tdk mungkin buat tdk tarik jadi yg bosan sdh posisi,positive
cat and mouse running in the hall,positive
rakyat sini nilai sendiri,positive
rocky gerung top markotop orang cerdas pintar udah bung rocky jangan diladenin orang pikir cetek ngaku acara ga pinter,positive
rocky gerung sangat manfaat negeri,positive
yg singgung y rasa jilat,positive
rocky edann,positive
roky orang pintar,positive
justru baju biru hina nama baik orang yebelin banget sih,positive
silvester surup jin jilat,positive
yg jas biru udh kek primata aja suka ngamuk,positive
gw cuma tamat sd salut dgn yq pke jas biru karna cuma omong doang sih ga bukti percuma nilai rg bicara nya muter doang ga bukti cuma doktrin orng buat apa rg cuma adu domba,positive
mantap memang bung roki gerung salut cara pikir nya the best,positive
silvester staylon vs rocky balboa,positive
maju terus bang rock,positive
mahasiswa sekarang senang banget denger dagel model rocky ahli muter muter,positive
silvester ga makan klo ga b la jokowew,positive
fiksi jng bilang benar,positive
guna dongeng bukti nyata kerja,positive
rg hebatt,positive
ky rocky,positive
tim rocky gerung,positive
aku cerdas rocky gerung perilaku sering lewat ajar lama guru etika atas ilmu,positive
bawa bawa gus dur wkwkwk,positive
hahaha jadi bulan an,positive
bnyk omon,positive
rocky the best cawe cawe lah masa iyaa kaga cawe cawe rugi dong,positive
jokowi ud legser indonesia bakaln aman,positive
silfester kena genjutsu rocky,positive
rocky harap silverter tonjok lihat gerik nya karna kalau omong kuat pidana mantap bung rocky,positive
aiman happy bgt haa acranya rame,positive
sumbu pendek jadi lawyer kwkwkwkwkw silvesterr ohh silvesterr,positive
wkwkwk pancing brother entar viral seluruh indonesia,positive
dukung bung roky gerung,positive
rocky cerdas,positive
rocky acara debat bukan acara tebak an kok suka bener pingin d lihat orang cerdas g jelas blas,positive
jelas gak terima kasih bukti kata fitnah,positive
klo gak asa jilat gak reaksi klo udh jago jilat gak reaksi,positive
pancing,positive
maju trus bung rocky,positive
sitolil nolak tlol,positive
mantap bung rocky jangan tanya apa guna rocky gerung negeri lama tahun gak ambil gaji campus ajar,positive
baik rg lawan otak kosong,positive
rocky super,positive
sehat selalu bang rocky salam akal sehat,positive
buta jabat,positive
bung rg memang mantap,positive
pinter kata kata punya karya,positive
tae kau roky,positive
maju terus pak rocky,positive
msntap mr rg,positive
ciut nyali rocky,positive
bung rocki emang hebat bisah buat orang bodoh abg emang bodoh ngga bisah jawab tanya nya bung rocki jas nya ajha yg bagus,positive
memang hebat bang roki,positive
bg irma,positive
guna rockycumapropokator cumapandaidia alih topik bicara skak ajapak biardiakapok,positive
pie to ki,positive
hebat bang roky lanjut bang,positive
bahahahahahhahaha kocak,positive
wkwwk satu ikan pancing,positive
lihat siapa kosong,positive
konyol silfester sendiri ngejawab,positive
debat yg sangat intelektual akademis sekali obral ad hominem,positive
kata bapak jas biru nikmat apa atas jabat junjung bilang usahawan ayoo netijen track usaha project apa yg kerja junjung jabat project apa yg kerja junjung jabat brp tingkat,positive
menyamput pak jokowi mwenyambutnya harap beras yg nya,positive
sama bung rocky lanjut sehat selalu terus suara utk rakyat indonesia,positive
keren banget bung rocky salam akal sehat,positive
sy ga kuliah acara narsum nya bung roki gerung sy suka rasa beritahukan istilah fakultas yg sy ga ngerti,positive
salut buat roki,positive
joss rg didik bangsa demokrasinkembali jalurvyang benar nyala kau ricky,positive
minus tujuh mantap bung rocky,positive
bravo bung rocky selalu dukung si s acara tekenang dungu duuh malunyaa tonton indonesia,positive
lah kids,positive
ngebela diri krn gk dasarvakademisi sdh jls gk guna ms mending bungroky bravo,positive
coba kalian paham baik baik apa ucap bung rocky,positive
roky tadingannya,positive
santai broo,positive
rocky gerung cerdas gak ngelawan silver keok,positive
rocky gerung presentasi pake dulu dahulu baru bab wkwkw satu langsung simpul gkgkgk tahu skripsi mana bikin sendiri mana pake calo gkgkkgg,positive
rocky gerung guna,positive
googoo rg,positive
bung rocky memang andal keren nyala bung,positive
mantaf rocky,positive
rg sehat terus,positive
joss kau rock,positive
wkwkwk makin lihat jilat,positive
cawe cawe lihat,positive
usd felix vs abu janda jilid cerdas vs dungu,positive
episode terr mantapp skak mat rocky gerung,positive
terima kasih silvester tunjuk watak asli istana wkwk,positive
silvesterstalone,positive
maju trs p rocky,positive
jas biru sptnya mmg jilat,positive
bung rg memang top,positive
salaam silfester adu sm rocky gerung beda kelas keless,positive
rakyat gak butu okem butu damai sejatera,positive
makan ajar disiplin ilmu kawan kawan,positive
rocky top,positive
strike lekku,positive
salam waras akal sehat bang rg,positive
bumi langit ilmu emosi bravo bung rocky,positive
menang curang,positive
wkwkwk mantab bung rocky,positive
sayang orang yg yg piara sama perintah sana negara terus begini moga esok lebih baik,positive
bela bung rocky arti waras,positive
pak aiman ketawa lepas,positive
nampak dungu,positive
debat kok serang pribadi lucu mantapp rocky literasi lawan bicara msih jauh bawah sampe nyerang pribadi gitu malu lah,positive
rakyat nilai bung rocky cerdas hidup bangsa lahir berani utk ungkap benar,positive
rocky gerung selalu is the best,positive
woiilah,positive
mulyono suka pelihara silver,positive
gk rocky gk party,positive
jozz om rg,positive
rocky persen,positive
mahluk rocky perlu periksa kejiwaanya,positive
lucu bgt si silfester wkwkwk,positive
mant b bung roki motivasi kecerd san anak indonesia,positive
pa rocky kmu hebat mantap pa sehat selalu pa rocky,positive
kerenn bung rocky,positive
wkwkwkwkwk lihat sekali kalau waktu sekolah gerbang mantap pak rocky gaass terus,positive
filsafat gereja vs al quran,positive
sivester pantek,positive
wkwkwk keren rocky,positive
pak rokiy kerenn,positive
sangat susah sekali jadi rg segi ilmu etika berani gerak gerik bagai entah siapa yg jadi terus semua sangat sangat sangat butuh beliau i love you rg moga sehat selalu rizqi yg limpah ruah panjang umur lupa cepat syahadat rindu peluk erat diri orang muslim,positive
rocky gerung the best yg makan cabe langsung pedas,positive
wkwk asa liat mahasiswa uji dosen,positive
indonesia nonton lho sil sil sil,positive
terimaksihh bung rocky gerung cerdas bangsa ini,positive
bagai langit bumi rg langir sf bumi,positive
emissi hahaha jalan telak sama rg,positive
lucu bgt,positive
rocki mbulet,positive
adoh kasihan kalah debat langsung naik pitam rocky gerung baik,positive
bung rocky keren to pokok asix macho hahaa,positive
bapak ngaku pak,positive
abis tuh kena bully si bapak silvester,positive
rocky dapet ikan babon mantap umpan nya mana cundang yg benar,positive
narasumber cupu,positive
rg sangat guna cerdas anak bangsa,positive
rokcy memang the best lah,positive
bung rocky neng mancing suka suka gimana terang cara lari kalau diri,positive
bang aiman kalau naik podium cek sehat,positive
jd pribadi yg guna bangsa rasa lebih baik buat indonesia,positive
bg roki mntp,positive
dengar cermat resap,positive
x tonton jam lalu x tonton sep,positive
emosi dukung si lurah,positive
hahahahaha lucu lucu ni lawyer,positive
pak rocky the best yg cundang bilang sangat babi buta,positive
mantap bung rocky lebih banyak orang beliau biar orang busuk perintah ga semena mena,positive
jas biru tahu jilat,positive
rocky rocky rocky rocky,positive
menuruku rg lebih manfaat buat masyarakat lebih cerdas,positive
rg sangat bergunaa negri,positive
bang roky keren,positive
semangat trus bang rg rakyat bela,positive
andai tanding bola skor roky lebih akademik,positive
aiman senyan senyum bjirr wkwkwk,positive
bung roky sangat guna dong ilmu sangat guna bang,positive
pa silvester,positive
rocky gerung bikin malu orang terima kasih bung rocky,positive
baik situasi panas debat moderator diam jadi tengah bawa acara lebih edukatif pesan penting tetap sampai tonton audience bukan jd fokus dengar debat personal narasumber satu sama trims,positive
tko silver ma rocky,positive
yg kaca mata siapa sih ee simbah kakung sini q suapin trs bobok,positive
jangan asek perhati langkah kaki orang laen tp balik fokus langkah kaki sendiri jatuh jurang sangat,positive
mantapp bung rg,positive
memang bung roky in the best,positive
roky jng rasa paling pintar kata inti bkn kuliah jng banyak teori mmg ilmu teori roky hebat tp dlm gak perlu banyak teori,positive
aku team bang rg,positive
mantap bang gerung ganyang hujat yg tk punya etika,positive
sehat sehat pak rocky g,positive
aga emang,positive
liat yg pakek jaz biru cuman punya ijazah wkwkwk,positive
tetap kontrol bang rg hati bang jilat sengaja bang rg pancing pidana orang bayar tetap semangat bang rg banyak yg dukung sini,positive
ayo dukung si rocky biar tambah mabuk,positive
nyala rocky,positive
roki roki manfaat,positive
rg paling keren hadap jilat jilat mulyono dukung nya mulyono wkwkwkwk,positive
kan bodyguard bukan team sukses,positive
rocky we u silperster pake daster muka plester,positive
sekarang rakyat biasa dpt kuliah gratis mntap bung rocky,positive
silvester jilat si noel,positive
roki sangat hebat,positive
rb,positive
ikan pancing mantap prof rg tahu aura jilat rugi bangsa,positive
bela mukidi msh orang golokk,positive
silver stalon baper otak los co ntrol kmpungan sekali kualitas,positive
rocky gerung profesional,positive
pas baca komen be like rata dukung pak rg semua good job pak rg,positive
pe,positive
komentator spongebob be like menang nya rocky,positive
rocky gerung guna dy urus panjat tebing indonesia yg paris dapat pertama kali medali emas speed wall climbing kategori pria negara indonesia,positive
up,positive
beda kelas bagai langit bumi,positive
tuju bang roky,positive
pintar cerdas,positive
subhanalloh abah anies rb pk rocky gerung buka wawas berfikir tambah ilmu tahu cerdas masyarakat anak bangsa ajar mahasiwa utk berfikir buat utk lebih hati lebih baik lebih guna dlm segala baik utk pribadi maupun urk orang insya alloh dgn izin allohu akbar,positive
mantapp bung rocky,positive
omon omon tdk action sama aja pray for nkri,positive
anak silfester gmn sekolah,positive
silvester lulus univ wiraswasta yg udh cabut ijinnya tuh kampus ruko,positive
jokodok,positive
rg hebat luar biasa sabar cool euy he won the battle s lihat gak isi,positive
pak rocky gerung orang bijaksana silfester mungkin pintar bidang silau dunia buat hilang akal sehat tingkat pintar rendah tinggi pintar cerdik bijaksana moga satu juta rocky gerung satu juta anies baswedan indonesia yg bawa ubah arah yg lebih baik negara indonesia jadi negara rahmat allah,positive
lebih baik debat orang pintar debat orang bodoh keren bung rocky,positive
lasoo kau rocky,positive
rg sok paling pintar dunia,positive
aku gak nyambut jokowi,positive
percaya bnyk org silfester bnyk dukung,positive
hebat rocky,positive
hahahahaha strike ikan silfester,positive
aq suka ramai,positive
bravo bung rocky gerung you are brillian,positive
ribu komentar semua dukung bung rocky luar biasa buat nama bliau makin mentereng indonesia,positive
rocky garong jago mangap,positive
o,positive
bro apa kagum rg,positive
skakmat,positive
alhamdulillah tayang umur hidup,positive
rg teryata sama anis,positive
silfester dungutina,positive
kerenn rg pancing gorengg goreng,positive
thank cerah rocky gerung,positive
bung rocky mantaapp,positive
silverqueen tol l,positive
debat yg bagong tenyambung,positive
mantab rg,positive
emang sapa,positive
sulvernya bko on ricki,positive
silah bijak nilai seru,positive
kerenn rg majuu teruss,positive
jilat handal,positive
silfester gambar banyak rakyat indonesia sekarang,positive
rocky hebat ricky cerdas timor leste west timor west papua rms merdeka,positive
bang rocky the best jas biru harga orang bagai mana mau harga kalau ngak harga orang bicara bung rocky potong terus bung rocky skip,positive
mana monitor xda diri xpandai nali program,positive
bung rocky bagi sangat guna,positive
roky bikin ribet mantap kali bapak roky tk jls sikat pk,positive
terima kasih bung rocky lanjut,positive
gebukin sama rocky gerung lalu fikiran tentu,positive
kluar dongonya,positive
rg kereen,positive
hhaa,positive
model gitu ko jd tokoh gmna negri lkita bung roki the best,positive
hehehe mana adab etika ingat adab lebih tinggi dr ilmu,positive
terima kasih bung rocky karna tonton bodoh silvester,positive
moment statement tutup rocky pukul mati orang serang pribadi baru pulang paris bawa medali emas momen gw paling suka sama kameramennya inews tayang wajah manusia pandai jilat b d h gw puas gw puas terimakasih babang kameramen,positive
bela tdk nalar scr objektif orang ilmu filsafat guru semua ilmu kok lawan kalo mau jd orang yg smart jd orang ilmuwan filsafat dhl jd kalo mau adu argumen atas panggung in syaa allah tiada tanding goods rocky,positive
eah rda gelo roki aying bagong ssetn aying,positive
haha gua dukung rg debat dah,positive
lucu barakallah aamiin yra wwb,positive
rocky orang jokowi peran antagonis beliau tetap aman,positive
dulu kalau jilat cari enak diri nya kalau juang juang masyarakat lu as,positive
segitu dukung jokowi yaa jelas la jilat jilat emang kan,positive
sumpaah gw demen banget kalo bang rocky ngomong asli otak gw hampir gak sampe cerna omong nya bang rocky lambat laut mangkin faham omong bang rocky good joobs,positive
ilmu hukum bawah ilmu rocky,positive
ko gitu makin jelas dong,positive
aku bung roky hebat,positive
tonton yg konyol,positive
kerumun karn settingan jg bgi bingkis,positive
mantap bang rg,positive
idont like rg,positive
bila ngomong sama orang gak tau sama lebih baik tinggal,positive
rocky neng tebak an biar sebut pintar,positive
banyak ahli pondasi sini meter berapa serius tanya,positive
rocky gerung sangat manfaat cerdas didik bangsa,positive
mantap buny rg,positive
gue gak dukung rg,positive
kyk nonton opera pan japa wkwkwkwkwk,positive
pak rockyy,positive
mantap pak rocky gerung bangga negara punya pak rocky gerung,positive
tawan mana yg jilat mana yg cakap rocky god bless you,positive
mantap bung rockky jadi ngakak,positive
kalau aku jdi rocky ku hajar udah si silfer,positive
rg vs silvester rg silvester klo kelah kasih hh,positive
sikat habis bung rocky bela benar buat rakyat yg szlalu dukung mu takut jilat yg satu skak mat,positive
hebat rg tdk ganggu emosi dgn semua ucap lawan debat tanda bhw rg sangat dalam hidup spiritual rg tetap fokus pd koridor jelas sesuai tema awal,positive
buka aib sendiri,positive
emosi tanda gak mampu berfikir cerdas bahkan jauh baik,positive
jelas beda kelass sehat terus bung rocky rakyat cerdas dukung mu,positive
pak baju biru ingat yg demo jaman pak harto siapa yg demo jaman pak sby siapa junjung siapa hehehe sekarang model baju biru banyak yg keluar nikmat dunia pak baju biru,positive
hahahahahaha silvester silvester kamu lucu,positive
luar biasa pak roky,positive
bung rocky is the best,positive
rokky gerung the best,positive
kasihan partai besar kirim wakil utk debat akhir beri justifikasi level partai orang yg wakil,positive
rq,positive
bang rocky sangat talenta jd lawak cocok tandem pak anies baswedan sama cepat pikir sama pintar kendali mimik wajah bakal pecah banget kalau jadi acara komedi,positive
rocki pengetahuanya emang atas rata,positive
rocky hasil satu ikan,positive
bravo bung rocky,positive
rocky nih boss,positive
keren bang rocky lawa sayang tdk imbang,positive
memang bung roky sangat mudah paham mantap yg cundang mungkin lawan debat bung roky,positive
lihat metodologi benar benar jadi rg pondasi debat guna akademisi sisi pak baju biru cermin akademis sama sekali berani beragument data data,positive
aiman k diam g usaha debat biar lihat adem,positive
aku suka rocky gerung cerdas,positive
baru rocky gerung tau rasa,positive
rg sangat guna bangsa,positive
awal uda kena jilat tinggal tunggu proyek serang,positive
denga pak rocky makan sini lihat lah siapa jujur siapa modus siapa setia siapa jilat terima kasih pak rocky manusia jenius denga pikir maju jujur,positive
bagus bang rocky,positive
tunjuk tunjuk pakai tangan kiri etika memang tdk sama sekali,positive
makin tinggi semakinn,positive
haha ngakak gue sejahtrakan guru honorer,positive
rocky gerung super cerdas,positive
dukung rg,positive
ketawa lihat kumpul wkwkwk hahahaha,positive
rocky gerung mantap cerdas,positive
moga cepat menusul faisal basri si roky,positive
silverster gak silver jadi perunggu sekarang,positive
well done bung rocky,positive
silvester stallone vs rocky balboa,positive
hahaa gilaa mantapp bung rocky selalu nonton kl yg ngomong semangat terus cerdas bangsa,positive
modal besar badan doang,positive
rakyat nilai siapa antara dua yg benar orang beril,positive
tim dukung rocky mana hadir debat bung rc tdk cukup logika,positive
wkkwkww,positive
aiman senang yg tunggu jangan serius guys,positive
wkwkwwkkw kalo jawab,positive
luar biasa bung rocky sangat didik,positive
silver terima nyata aja,positive
sebut bung rocky gerung guru,positive
wkwkwkwkwkwkwkwkwk ken ketawa,positive
salam akal sehat roki gerung,positive
semangat bung rg,positive
waduh komen nya bang rg semua nii,positive
gilaa bung rocky no rocky no party bravo edisi rocky ter nyala good rocky,positive
suka dgn rg orang cerdas dn selalu buat orang dungu gabak,positive
sponsor menang banyak,positive
silfester bingung,positive
mantaap bung rocky,positive
hebat hebat rocky gerung bs kalah bintang laga,positive
dukung mulyono kali debat kalah gagas makanya emosi no satu,positive
rocky sangat guna g ky yg ngatain,positive
roki gerung ibarat debat kusir dokar dgn kusir andong ujung nya gak manfaat,positive
silvester tau apa,positive
silverster liat jilat nya bung rocky mantapp,positive
orang pintar debat,positive
definisi bantai hahahaha,positive
kuliah gratis sks anjirr,positive
guna buat provokasi bagus nih perlu utk provokasi orang pak mul,positive
keren bung,positive
i stand for rocky gerung,positive
hahaahah anak buah jokowi singgung,positive
sangat suka sama roki gerung sok pintar bisa cuma ngritik doang,positive
kebelinger dah,positive
mudah n pak rocky mualaf amin,positive
hidup bung rocky tegak benar adil akal sehat silfeter kelas ngabalin,positive
cukup rocky lihat kualitas kualitas jabat nya mulyono,positive
semangat bg rocky jilat pancing,positive
silfester siapa udh guna buat bangsa emang,positive
keren abis rg terimakasih wakil kami,positive
pedas mantapz,positive
terima kasih inews jd track record lama hidup,positive
kalo gak aku gak tau jilat kata rocky memang mantap,positive
selamat officialinews record views engagement tinggi views sep hours ago k likes comments,positive
aiman sama inews dukung roki buat onar buat rusuh,positive
sya lulusn sd za tau kalu orng crdas ituh gmna rg,positive
kelas bung roky gerung ilmu mqntap cara berfikir org cerdas lawa kepqncing,positive
ribu persen dukung bang roky,positive
aoo silvester,positive
jilaatt teruuss,positive
roky g,positive
jelas silvester tunjuk bodoh mantap bung rocky,positive
beda kelas,positive
bg rocky la bg sama abg,positive
hahahaha serasa lihat guru sedang ngajarin murid keras kepala sok pintar sok ngerti untung guru sabar,positive
media senangny adu domba orang yg gak untung rakyat debat gak butuh kan masyarakat nyata apa yg sdh beri orang r gerung negara rakyat,positive
wkwkwk acara memang serang jokowi datang dukung olok doang yg serius akal waras paham wkwkwk,positive
mantap nih rocky mudah an lebih banyak nih rocky,positive
noel silfester jilat sejati,positive
