comment,cleaned_comment,tokenized_comment,stopwords_comment,stemmed_comment,cleaned_stemmed,sentiment_prediction
Asukkkk asukk,asukk asukk,"['asukk', 'asukk']","['asukk', 'asukk']","['asukk', 'asukk']",asukk asukk,negative
Rugi nerangin sama orang yg g paham .,rugi nerangin sama orang yang tidak paham,"['rugi', 'nerangin', 'sama', 'orang', 'yang', 'tidak', 'paham']","['rugi', 'nerangin', 'orang', 'paham']","['rugi', 'nerangin', 'orang', 'paham']",rugi nerangin orang paham,negative
Tggl dengarkan aja dulu,tggl dengarkan saja dulu,"['tggl', 'dengarkan', 'saja', 'dulu']","['tggl', 'dengarkan']","['tggl', 'dengar']",tggl dengar,negative
Ayo berantem aja biar dicontoh sama mahasiswa2 yg hadir disitu,ayo berantem saja biar dicontoh sama mahasiswa yang hadir disitu,"['ayo', 'berantem', 'saja', 'biar', 'dicontoh', 'sama', 'mahasiswa', 'yang', 'hadir', 'disitu']","['ayo', 'berantem', 'biar', 'dicontoh', 'mahasiswa', 'hadir', 'disitu']","['ayo', 'antem', 'biar', 'contoh', 'mahasiswa', 'hadir', 'situ']",ayo antem biar contoh mahasiswa hadir situ,negative
Emosi tandanya pikiran ga sampeğŸ˜‚ğŸ˜‚ğŸ˜‚,emosi tandanya pikiran tidak sampai,"['emosi', 'tandanya', 'pikiran', 'tidak', 'sampai']","['emosi', 'tandanya', 'pikiran']","['emosi', 'tanda', 'pikir']",emosi tanda pikir,negative
"Debat kok kaya anak anak bertengkar,,,kaya nggak ada solusi lain",debat kok kaya anak anak bertengkar kaya tidak ada solusi lain,"['debat', 'kok', 'kaya', 'anak', 'anak', 'bertengkar', 'kaya', 'tidak', 'ada', 'solusi', 'lain']","['debat', 'kaya', 'anak', 'anak', 'bertengkar', 'kaya', 'solusi']","['debat', 'kaya', 'anak', 'anak', 'tengkar', 'kaya', 'solusi']",debat kaya anak anak tengkar kaya solusi,negative
"Tawain aja siapa yg bodoh, ğŸ˜‚ğŸ˜‚",tawain saja siapa yang bodoh,"['tawain', 'saja', 'siapa', 'yang', 'bodoh']","['tawain', 'bodoh']","['tawain', 'bodoh']",tawain bodoh,negative
Mahasiswa bertepuk tangan  untuk Rocky Gerung    artinya yg pakai jas biru muda  kalah berdebat  dgn Rocky Gerung.,mahasiswa bertepuk tangan untuk rocky gerung artinya yang pakai jas biru muda kalah berdebat dengan rocky gerung,"['mahasiswa', 'bertepuk', 'tangan', 'untuk', 'rocky', 'gerung', 'artinya', 'yang', 'pakai', 'jas', 'biru', 'muda', 'kalah', 'berdebat', 'dengan', 'rocky', 'gerung']","['mahasiswa', 'bertepuk', 'tangan', 'rocky', 'gerung', 'pakai', 'jas', 'biru', 'muda', 'kalah', 'berdebat', 'rocky', 'gerung']","['mahasiswa', 'tepuk', 'tangan', 'rocky', 'gerung', 'pakai', 'jas', 'biru', 'muda', 'kalah', 'debat', 'rocky', 'gerung']",mahasiswa tepuk tangan rocky gerung pakai jas biru muda kalah debat rocky gerung,negative
"ga heran sih sama rocky, 1 kail dimakan lebih dari 3 hewan, eh ikanğŸ˜‚",tidak heran sih sama rocky kail dimakan lebih dari hewan eh ikan,"['tidak', 'heran', 'sih', 'sama', 'rocky', 'kail', 'dimakan', 'lebih', 'dari', 'hewan', 'eh', 'ikan']","['heran', 'sih', 'rocky', 'kail', 'dimakan', 'hewan', 'eh', 'ikan']","['heran', 'sih', 'rocky', 'kail', 'makan', 'hewan', 'eh', 'ikan']",heran sih rocky kail makan hewan eh ikan,negative
Beda kelas ....jauh bgt,beda kelas jauh banget,"['beda', 'kelas', 'jauh', 'banget']","['beda', 'kelas', 'banget']","['beda', 'kelas', 'banget']",beda kelas banget,negative
kalau Rocky gerung diajak sambung ayat dan tafsirnya apakah dia juga menguasai.?,kalau rocky gerung diajak sambung ayat dan tafsirnya apakah dia juga menguasai,"['kalau', 'rocky', 'gerung', 'diajak', 'sambung', 'ayat', 'dan', 'tafsirnya', 'apakah', 'dia', 'juga', 'menguasai']","['rocky', 'gerung', 'diajak', 'sambung', 'ayat', 'tafsirnya', 'menguasai']","['rocky', 'gerung', 'ajak', 'sambung', 'ayat', 'tafsir', 'kuasa']",rocky gerung ajak sambung ayat tafsir kuasa,negative
Roky gerung banyak mencerdaskan  bangsa,rocky gerung banyak mencerdaskan bangsa,"['rocky', 'gerung', 'banyak', 'mencerdaskan', 'bangsa']","['rocky', 'gerung', 'mencerdaskan', 'bangsa']","['rocky', 'gerung', 'cerdas', 'bangsa']",rocky gerung cerdas bangsa,negative
Orang-orang kaya Rocky Gerung ini justru mengajarkan saya untuk berpikir. bukan meneruskan budaya caci maki dan baku hantam,orang orang kaya rocky gerung ini justru mengajarkan saya untuk berpikir bukan meneruskan budaya caci maki dan baku hantam,"['orang', 'orang', 'kaya', 'rocky', 'gerung', 'ini', 'justru', 'mengajarkan', 'saya', 'untuk', 'berpikir', 'bukan', 'meneruskan', 'budaya', 'caci', 'maki', 'dan', 'baku', 'hantam']","['orang', 'orang', 'kaya', 'rocky', 'gerung', 'mengajarkan', 'berpikir', 'meneruskan', 'budaya', 'caci', 'maki', 'baku', 'hantam']","['orang', 'orang', 'kaya', 'rocky', 'gerung', 'ajar', 'pikir', 'terus', 'budaya', 'caci', 'maki', 'baku', 'hantam']",orang orang kaya rocky gerung ajar pikir terus budaya caci maki baku hantam,negative
silvester stalone sok berguna buat negriğŸ˜‚ğŸ˜‚,silfester stalone sok berguna buat negri,"['silfester', 'stalone', 'sok', 'berguna', 'buat', 'negri']","['silfester', 'stalone', 'sok', 'berguna', 'negri']","['silfester', 'stalone', 'sok', 'guna', 'negri']",silfester stalone sok guna negri,negative
Salah sendiri silvestre bilang rgbbujang lapok.wkwkwk,salah sendiri silvestre bilang rgbbujang lapok wkwkwk,"['salah', 'sendiri', 'silvestre', 'bilang', 'rgbbujang', 'lapok', 'wkwkwk']","['salah', 'silvestre', 'bilang', 'rgbbujang', 'lapok']","['salah', 'silvestre', 'bilang', 'rgbbujang', 'lapok']",salah silvestre bilang rgbbujang lapok,negative
Cari duwitnya untuk mencaci maki orang semoga tidak mendapat apa menjadi gelandangan,cari duwitnya untuk mencaci maki orang semoga tidak mendapat apa menjadi gelandangan,"['cari', 'duwitnya', 'untuk', 'mencaci', 'maki', 'orang', 'semoga', 'tidak', 'mendapat', 'apa', 'menjadi', 'gelandangan']","['cari', 'duwitnya', 'mencaci', 'maki', 'orang', 'semoga', 'gelandangan']","['cari', 'duwitnya', 'caci', 'maki', 'orang', 'moga', 'gelandang']",cari duwitnya caci maki orang moga gelandang,negative
"RG SANGAT SANGAT BERGUNA BAGI MANUSIA YANG BERFIKIR


.",rocky gerung sangat sangat berguna bagi manusia yang berpikir,"['rocky', 'gerung', 'sangat', 'sangat', 'berguna', 'bagi', 'manusia', 'yang', 'berpikir']","['rocky', 'gerung', 'berguna', 'manusia', 'berpikir']","['rocky', 'gerung', 'guna', 'manusia', 'pikir']",rocky gerung guna manusia pikir,negative
"Kita liat saja jika tidak berkuasa lg,apa bacotnya masih keras si paling ngerti hukumğŸ˜…ğŸ˜…ğŸ˜…",kita lihat saja jika tidak berkuasa lagi apa bacotnya masih keras si paling ngerti hukum,"['kita', 'lihat', 'saja', 'jika', 'tidak', 'berkuasa', 'lagi', 'apa', 'bacotnya', 'masih', 'keras', 'si', 'paling', 'ngerti', 'hukum']","['lihat', 'berkuasa', 'bacotnya', 'keras', 'si', 'ngerti', 'hukum']","['lihat', 'kuasa', 'bacot', 'keras', 'si', 'ngerti', 'hukum']",lihat kuasa bacot keras si ngerti hukum,negative
Katanya mau bahas.yg itu...eeeedia sendiri pakai senjta knapa gak nikah...bujang lapuk...giliran dilayani...dia nya  ngindar....gmna ini orang....,katanya mau bahas yang itu eedia sendiri pakai senjta knapa tidak nikah bujang lapuk giliran dilayani dia nya ngindar gmna ini orang,"['katanya', 'mau', 'bahas', 'yang', 'itu', 'eedia', 'sendiri', 'pakai', 'senjta', 'knapa', 'tidak', 'nikah', 'bujang', 'lapuk', 'giliran', 'dilayani', 'dia', 'nya', 'ngindar', 'gmna', 'ini', 'orang']","['bahas', 'eedia', 'pakai', 'senjta', 'knapa', 'nikah', 'bujang', 'lapuk', 'giliran', 'dilayani', 'ngindar', 'gmna', 'orang']","['bahas', 'eedia', 'pakai', 'senjta', 'knapa', 'nikah', 'bujang', 'lapuk', 'gilir', 'layan', 'ngindar', 'gmna', 'orang']",bahas eedia pakai senjta knapa nikah bujang lapuk gilir layan ngindar gmna orang,negative
Haduh.....ini orang sekolah apak enggak ya ğŸ˜,haduh ini orang sekolah apak enggak ya,"['haduh', 'ini', 'orang', 'sekolah', 'apak', 'enggak', 'ya']","['haduh', 'orang', 'sekolah', 'apak', 'ya']","['haduh', 'orang', 'sekolah', 'apak', 'ya']",haduh orang sekolah apak ya,negative
Rocky di lawan debat ya musuh debat nya emosiğŸ˜‚ğŸ˜…ğŸ˜….,rocky di lawan debat ya musuh debat nya emosi,"['rocky', 'di', 'lawan', 'debat', 'ya', 'musuh', 'debat', 'nya', 'emosi']","['rocky', 'lawan', 'debat', 'ya', 'musuh', 'debat', 'emosi']","['rocky', 'lawan', 'debat', 'ya', 'musuh', 'debat', 'emosi']",rocky lawan debat ya musuh debat emosi,negative
13:06 eh ada yang ngaku dan tidak sadar ğŸ¤£ğŸ¤£ğŸ¤£,eh ada yang ngaku dan tidak sadar,"['eh', 'ada', 'yang', 'ngaku', 'dan', 'tidak', 'sadar']","['eh', 'ngaku', 'sadar']","['eh', 'ngaku', 'sadar']",eh ngaku sadar,negative
"Gilaaa RG di lawan...
Kok jd ngawur ngomong nya kesana sini ???
Malah masalah yg ga penting di omongin !!! Bilang bujang lapuk segala !!! Kasihan",gilaa rocky gerung di lawan kok jadi ngawur ngomong nya kesana sini malah masalah yang tidak penting di omongin bilang bujang lapuk segala kasihan,"['gilaa', 'rocky', 'gerung', 'di', 'lawan', 'kok', 'jadi', 'ngawur', 'ngomong', 'nya', 'kesana', 'sini', 'malah', 'masalah', 'yang', 'tidak', 'penting', 'di', 'omongin', 'bilang', 'bujang', 'lapuk', 'segala', 'kasihan']","['gilaa', 'rocky', 'gerung', 'lawan', 'ngawur', 'ngomong', 'kesana', 'omongin', 'bilang', 'bujang', 'lapuk', 'kasihan']","['gilaa', 'rocky', 'gerung', 'lawan', 'ngawur', 'ngomong', 'kesana', 'omongin', 'bilang', 'bujang', 'lapuk', 'kasihan']",gilaa rocky gerung lawan ngawur ngomong kesana omongin bilang bujang lapuk kasihan,negative
"Orang hukum ga tau , primsip hukum dsar penjilat wkwk",orang hukum tidak tau primsip hukum dsar penjilat wkwk,"['orang', 'hukum', 'tidak', 'tau', 'primsip', 'hukum', 'dsar', 'penjilat', 'wkwk']","['orang', 'hukum', 'tau', 'primsip', 'hukum', 'dsar', 'penjilat']","['orang', 'hukum', 'tau', 'primsip', 'hukum', 'dsar', 'jilat']",orang hukum tau primsip hukum dsar jilat,negative
kalo saya jadi anak ato istri nya Silvester sumpah udh MALU.. Pak RG selamat anda menang telak!!!,kalau saya jadi anak ato istri nya silfester sumpah sudah malu pak rocky gerung selamat anda menang telak,"['kalau', 'saya', 'jadi', 'anak', 'ato', 'istri', 'nya', 'silfester', 'sumpah', 'sudah', 'malu', 'pak', 'rocky', 'gerung', 'selamat', 'anda', 'menang', 'telak']","['anak', 'ato', 'istri', 'silfester', 'sumpah', 'malu', 'rocky', 'gerung', 'selamat', 'menang', 'telak']","['anak', 'ato', 'istri', 'silfester', 'sumpah', 'malu', 'rocky', 'gerung', 'selamat', 'menang', 'telak']",anak ato istri silfester sumpah malu rocky gerung selamat menang telak,negative
"ğŸ’¥ MenyaLa Bos
Bang Rocky Memang Cerdas",menyala bos bang rocky memang cerdas,"['menyala', 'bos', 'bang', 'rocky', 'memang', 'cerdas']","['menyala', 'bos', 'bang', 'rocky', 'cerdas']","['nyala', 'bos', 'bang', 'rocky', 'cerdas']",nyala bos bang rocky cerdas,negative
Rocky ko dilawan dan kalo kalah berdebat jangan emosi bos .,rocky ko dilawan dan kalau kalah berdebat jangan emosi bos,"['rocky', 'ko', 'dilawan', 'dan', 'kalau', 'kalah', 'berdebat', 'jangan', 'emosi', 'bos']","['rocky', 'ko', 'dilawan', 'kalah', 'berdebat', 'emosi', 'bos']","['rocky', 'ko', 'lawan', 'kalah', 'debat', 'emosi', 'bos']",rocky ko lawan kalah debat emosi bos,negative
Kalah debat ko emosi jiwa...payahh ğŸ˜‚ğŸ˜‚ğŸ˜…ğŸ˜…,kalah debat ko emosi jiwa payahh,"['kalah', 'debat', 'ko', 'emosi', 'jiwa', 'payahh']","['kalah', 'debat', 'ko', 'emosi', 'jiwa', 'payahh']","['kalah', 'debat', 'ko', 'emosi', 'jiwa', 'payahh']",kalah debat ko emosi jiwa payahh,negative
Rocky Gerung keren pollğŸ‰,rocky gerung keren poll,"['rocky', 'gerung', 'keren', 'poll']","['rocky', 'gerung', 'keren', 'poll']","['rocky', 'gerung', 'keren', 'poll']",rocky gerung keren poll,negative
3 juta lebih org Indonesia menonton kedunguan silvester iniğŸ˜‚,juta lebih orang indonesia menonton kedunguan silfester ini,"['juta', 'lebih', 'orang', 'indonesia', 'menonton', 'kedunguan', 'silfester', 'ini']","['juta', 'orang', 'indonesia', 'menonton', 'kedunguan', 'silfester']","['juta', 'orang', 'indonesia', 'tonton', 'dungu', 'silfester']",juta orang indonesia tonton dungu silfester,negative
Rocky Gerung vs Penjilat sombong.. ğŸ˜…,rocky gerung versus penjilat sombong,"['rocky', 'gerung', 'versus', 'penjilat', 'sombong']","['rocky', 'gerung', 'versus', 'penjilat', 'sombong']","['rocky', 'gerung', 'versus', 'jilat', 'sombong']",rocky gerung versus jilat sombong,negative
Silfestre mundur saja memalukan,silfestre mundur saja memalukan,"['silfestre', 'mundur', 'saja', 'memalukan']","['silfestre', 'mundur', 'memalukan']","['silfestre', 'mundur', 'malu']",silfestre mundur malu,negative
Ada EMBER ada Roky Gerung ğŸ˜œğŸ˜¡,ada ember ada rocky gerung,"['ada', 'ember', 'ada', 'rocky', 'gerung']","['ember', 'rocky', 'gerung']","['ember', 'rocky', 'gerung']",ember rocky gerung,negative
"Silvester menjijikan,... sekaliber dia tdk bs mengontrol emosi padahal nata sumber yg semestinya memberi edukasi dan pribadi yg bs diteladani,... hebat akal sehat yg mampu merendahkan kedunguan
...",silfester menjijikan sekaliber dia tidak bisa mengontrol emosi padahal nata sumber yang semestinya memberi edukasi dan pribadi yang bisa diteladani hebat akal sehat yang mampu merendahkan kedunguan,"['silfester', 'menjijikan', 'sekaliber', 'dia', 'tidak', 'bisa', 'mengontrol', 'emosi', 'padahal', 'nata', 'sumber', 'yang', 'semestinya', 'memberi', 'edukasi', 'dan', 'pribadi', 'yang', 'bisa', 'diteladani', 'hebat', 'akal', 'sehat', 'yang', 'mampu', 'merendahkan', 'kedunguan']","['silfester', 'menjijikan', 'sekaliber', 'mengontrol', 'emosi', 'nata', 'sumber', 'semestinya', 'edukasi', 'pribadi', 'diteladani', 'hebat', 'akal', 'sehat', 'merendahkan', 'kedunguan']","['silfester', 'jijik', 'kaliber', 'kontrol', 'emosi', 'nata', 'sumber', 'mesti', 'edukasi', 'pribadi', 'teladan', 'hebat', 'akal', 'sehat', 'rendah', 'dungu']",silfester jijik kaliber kontrol emosi nata sumber mesti edukasi pribadi teladan hebat akal sehat rendah dungu,negative
"Jika ada yg marah,dgn kata penjilat,mk itulah sesungguhnya penjilat krn tdk mau di anggap penjilat.",jika ada yang marah dengan kata penjilat mk itulah sesungguhnya penjilat karena tidak mau di anggap penjilat,"['jika', 'ada', 'yang', 'marah', 'dengan', 'kata', 'penjilat', 'mk', 'itulah', 'sesungguhnya', 'penjilat', 'karena', 'tidak', 'mau', 'di', 'anggap', 'penjilat']","['marah', 'penjilat', 'mk', 'sesungguhnya', 'penjilat', 'anggap', 'penjilat']","['marah', 'jilat', 'mk', 'sungguh', 'jilat', 'anggap', 'jilat']",marah jilat mk sungguh jilat anggap jilat,negative
"Bujangan lapuk yg cerdas & hrs ada orang seperti Bung Rocky yg tenang hadapi org yg motongÂ² pembicarakan dgn emosional .
Tenang Bung ...ğŸ˜ŠğŸ˜‚",bujangan lapuk yang cerdas hrs ada orang seperti bung rocky yang tenang hadapi orang yang motong pembicarakan dengan emosional tenang bung,"['bujangan', 'lapuk', 'yang', 'cerdas', 'hrs', 'ada', 'orang', 'seperti', 'bung', 'rocky', 'yang', 'tenang', 'hadapi', 'orang', 'yang', 'motong', 'pembicarakan', 'dengan', 'emosional', 'tenang', 'bung']","['bujangan', 'lapuk', 'cerdas', 'hrs', 'orang', 'rocky', 'tenang', 'hadapi', 'orang', 'motong', 'pembicarakan', 'emosional', 'tenang']","['bujang', 'lapuk', 'cerdas', 'hrs', 'orang', 'rocky', 'tenang', 'hadap', 'orang', 'motong', 'bicara', 'emosional', 'tenang']",bujang lapuk cerdas hrs orang rocky tenang hadap orang motong bicara emosional tenang,negative
Hahaha itu orang malah mempermalukan dirinya sendiri di hadapan Rocky GerungğŸ˜‚ğŸ˜‚ğŸ˜‚ğŸ˜‚,hahaha itu orang malah mempermalukan dirinya sendiri di hadapan rocky gerung,"['hahaha', 'itu', 'orang', 'malah', 'mempermalukan', 'dirinya', 'sendiri', 'di', 'hadapan', 'rocky', 'gerung']","['hahaha', 'orang', 'mempermalukan', 'hadapan', 'rocky', 'gerung']","['hahaha', 'orang', 'malu', 'hadap', 'rocky', 'gerung']",hahaha orang malu hadap rocky gerung,negative
Yang saya tau yg merugikan bangsi ini para kroup yang gak jelas hukumnya kemana,yang saya tau yang merugikan bangsi ini para kroup yang tidak jelas hukumnya kemana,"['yang', 'saya', 'tau', 'yang', 'merugikan', 'bangsi', 'ini', 'para', 'kroup', 'yang', 'tidak', 'jelas', 'hukumnya', 'kemana']","['tau', 'merugikan', 'bangsi', 'kroup', 'hukumnya', 'kemana']","['tau', 'rugi', 'bangsi', 'kroup', 'hukum', 'mana']",tau rugi bangsi kroup hukum mana,negative
Silferster kalah debat sama bung rocky...belajar yang banyak sama bung rocky boss...,silferster kalah debat sama bung rocky belajar yang banyak sama bung rocky boss,"['silferster', 'kalah', 'debat', 'sama', 'bung', 'rocky', 'belajar', 'yang', 'banyak', 'sama', 'bung', 'rocky', 'boss']","['silferster', 'kalah', 'debat', 'rocky', 'belajar', 'rocky', 'boss']","['silferster', 'kalah', 'debat', 'rocky', 'ajar', 'rocky', 'boss']",silferster kalah debat rocky ajar rocky boss,negative
Gk bisa kontrol emosinya ğŸ˜‚ğŸ˜‚,tidak bisa kontrol emosinya,"['tidak', 'bisa', 'kontrol', 'emosinya']","['kontrol', 'emosinya']","['kontrol', 'emosi']",kontrol emosi,negative
Gila ini...mempertontonkan kedunguan sendiri ğŸ˜‚ğŸ˜‚ğŸ˜‚,gila ini mempertontonkan kedunguan sendiri,"['gila', 'ini', 'mempertontonkan', 'kedunguan', 'sendiri']","['gila', 'mempertontonkan', 'kedunguan']","['gila', 'tonton', 'dungu']",gila tonton dungu,negative
"Kalo orang sdh tdk suka sm org ttp sj tdk suka walaupun kita punya alasan lain, dengerin aj ğŸ˜‚",kalau orang sudah tidak suka sama orang ttp sj tidak suka walaupun kita punya alasan lain dengerin saja,"['kalau', 'orang', 'sudah', 'tidak', 'suka', 'sama', 'orang', 'ttp', 'sj', 'tidak', 'suka', 'walaupun', 'kita', 'punya', 'alasan', 'lain', 'dengerin', 'saja']","['orang', 'suka', 'orang', 'ttp', 'sj', 'suka', 'alasan', 'dengerin']","['orang', 'suka', 'orang', 'ttp', 'sj', 'suka', 'alas', 'dengerin']",orang suka orang ttp sj suka alas dengerin,negative
"melawan rocky dengan cara bodoh, maka makin kelihatan bodohnya",melawan rocky dengan cara bodoh maka makin kelihatan bodohnya,"['melawan', 'rocky', 'dengan', 'cara', 'bodoh', 'maka', 'makin', 'kelihatan', 'bodohnya']","['melawan', 'rocky', 'bodoh', 'bodohnya']","['lawan', 'rocky', 'bodoh', 'bodoh']",lawan rocky bodoh bodoh,negative
Apa gunanya si RG ini buat negara ini..setiap hari sibuk ngurusin orang lain..cari istri dulu biar berdebatnya sama istri setiap malam,apa gunanya si rocky gerung ini buat negara ini setiap hari sibuk ngurusin orang lain cari istri dulu biar berdebatnya sama istri setiap malam,"['apa', 'gunanya', 'si', 'rocky', 'gerung', 'ini', 'buat', 'negara', 'ini', 'setiap', 'hari', 'sibuk', 'ngurusin', 'orang', 'lain', 'cari', 'istri', 'dulu', 'biar', 'berdebatnya', 'sama', 'istri', 'setiap', 'malam']","['gunanya', 'si', 'rocky', 'gerung', 'negara', 'sibuk', 'ngurusin', 'orang', 'cari', 'istri', 'biar', 'berdebatnya', 'istri', 'malam']","['guna', 'si', 'rocky', 'gerung', 'negara', 'sibuk', 'ngurusin', 'orang', 'cari', 'istri', 'biar', 'debat', 'istri', 'malam']",guna si rocky gerung negara sibuk ngurusin orang cari istri biar debat istri malam,negative
"ğŸ˜…ğŸ˜… nyerang pri badi bisanya
Jangan nyebut pecundang keroki",nyerang pri badi bisanya jangan nyebut pecundang keroki,"['nyerang', 'pri', 'badi', 'bisanya', 'jangan', 'nyebut', 'pecundang', 'keroki']","['nyerang', 'pri', 'badi', 'bisanya', 'nyebut', 'pecundang', 'keroki']","['nyerang', 'pri', 'badi', 'bisa', 'nyebut', 'cundang', 'kerok']",nyerang pri badi bisa nyebut cundang kerok,negative
jgn lagi layanan sdlfister itu. kacau,jangan lagi layanan sdlfister itu kacau,"['jangan', 'lagi', 'layanan', 'sdlfister', 'itu', 'kacau']","['layanan', 'sdlfister', 'kacau']","['layan', 'sdlfister', 'kacau']",layan sdlfister kacau,negative
"Tapi, memang Rocky ini juga muter2 ngomongnya. Gak to the point. Dan ucapannya memang sarkas cenderung merendahkan orang. Kebanyakan kita terbuai sama style dia bongkar tiap kata, konsep2 pemikiran, dan teori2. Kalo diperhatikan dia gak menjawab inti pertanyaan.",tapi memang rocky ini juga putar ngomongnya tidak to the point dan ucapannya memang sarkas cenderung merendahkan orang kebanyakan kita terbuai sama style dia bongkar tiap kata konsep pemikiran dan teori kalau diperhatikan dia tidak menjawab inti pertanyaan,"['tapi', 'memang', 'rocky', 'ini', 'juga', 'putar', 'ngomongnya', 'tidak', 'to', 'the', 'point', 'dan', 'ucapannya', 'memang', 'sarkas', 'cenderung', 'merendahkan', 'orang', 'kebanyakan', 'kita', 'terbuai', 'sama', 'style', 'dia', 'bongkar', 'tiap', 'kata', 'konsep', 'pemikiran', 'dan', 'teori', 'kalau', 'diperhatikan', 'dia', 'tidak', 'menjawab', 'inti', 'pertanyaan']","['rocky', 'putar', 'ngomongnya', 'point', 'ucapannya', 'sarkas', 'cenderung', 'merendahkan', 'orang', 'kebanyakan', 'terbuai', 'style', 'bongkar', 'konsep', 'pemikiran', 'teori', 'diperhatikan', 'inti']","['rocky', 'putar', 'ngomongnya', 'point', 'ucap', 'sarkas', 'cenderung', 'rendah', 'orang', 'banyak', 'buai', 'style', 'bongkar', 'konsep', 'pikir', 'teori', 'perhati', 'inti']",rocky putar ngomongnya point ucap sarkas cenderung rendah orang banyak buai style bongkar konsep pikir teori perhati inti,negative
kasihan rocky dibentak bentak karena bilang orang bodoh.kwkwkwk...,kasihan rocky dibentak bentak karena bilang orang bodoh kwkwkwk,"['kasihan', 'rocky', 'dibentak', 'bentak', 'karena', 'bilang', 'orang', 'bodoh', 'kwkwkwk']","['kasihan', 'rocky', 'dibentak', 'bentak', 'bilang', 'orang', 'bodoh', 'kwkwkwk']","['kasihan', 'rocky', 'bentak', 'bentak', 'bilang', 'orang', 'bodoh', 'kwkwkwk']",kasihan rocky bentak bentak bilang orang bodoh kwkwkwk,negative
"Rocky Gerung sangat berguna bagi anak anak bangsa yang masih punya AKAL SEHAT.
CHICO HAKIM membongkar Silfester baru lulus kuliah tahun 2020 dari kampus abal-abal, Universitas WIRASWASTA INDONESIA yang  sudah ditutup DikTi karena melakukan pelanggaran berat.",rocky gerung sangat berguna bagi anak anak bangsa yang masih punya akal sehat chico hakim membongkar silfester baru lulus kuliah tahun dari kampus abal abal universitas wiraswasta indonesia yang sudah ditutup dikti karena melakukan pelanggaran berat,"['rocky', 'gerung', 'sangat', 'berguna', 'bagi', 'anak', 'anak', 'bangsa', 'yang', 'masih', 'punya', 'akal', 'sehat', 'chico', 'hakim', 'membongkar', 'silfester', 'baru', 'lulus', 'kuliah', 'tahun', 'dari', 'kampus', 'abal', 'abal', 'universitas', 'wiraswasta', 'indonesia', 'yang', 'sudah', 'ditutup', 'dikti', 'karena', 'melakukan', 'pelanggaran', 'berat']","['rocky', 'gerung', 'berguna', 'anak', 'anak', 'bangsa', 'akal', 'sehat', 'chico', 'hakim', 'membongkar', 'silfester', 'lulus', 'kuliah', 'kampus', 'abal', 'abal', 'universitas', 'wiraswasta', 'indonesia', 'ditutup', 'dikti', 'pelanggaran', 'berat']","['rocky', 'gerung', 'guna', 'anak', 'anak', 'bangsa', 'akal', 'sehat', 'chico', 'hakim', 'bongkar', 'silfester', 'lulus', 'kuliah', 'kampus', 'abal', 'abal', 'universitas', 'wiraswasta', 'indonesia', 'tutup', 'dikti', 'langgar', 'berat']",rocky gerung guna anak anak bangsa akal sehat chico hakim bongkar silfester lulus kuliah kampus abal abal universitas wiraswasta indonesia tutup dikti langgar berat,negative
"Ini debat apa tanya jawab sih.. 
Rocky rocky",ini debat apa tanya jawab sih rocky rocky,"['ini', 'debat', 'apa', 'tanya', 'jawab', 'sih', 'rocky', 'rocky']","['debat', 'sih', 'rocky', 'rocky']","['debat', 'sih', 'rocky', 'rocky']",debat sih rocky rocky,negative
"Saya sudah S2 tapi saya banyak  dapat ilmu dari Chanel yg menayangkan debat, atau kajian dari RG",saya sudah tapi saya banyak dapat ilmu dari chanel yang menayangkan debat atau kajian dari rocky gerung,"['saya', 'sudah', 'tapi', 'saya', 'banyak', 'dapat', 'ilmu', 'dari', 'chanel', 'yang', 'menayangkan', 'debat', 'atau', 'kajian', 'dari', 'rocky', 'gerung']","['ilmu', 'chanel', 'menayangkan', 'debat', 'kajian', 'rocky', 'gerung']","['ilmu', 'chanel', 'tayang', 'debat', 'kaji', 'rocky', 'gerung']",ilmu chanel tayang debat kaji rocky gerung,negative
"Yang satunya konyol, yang satunya sombong",yang satunya konyol yang satunya sombong,"['yang', 'satunya', 'konyol', 'yang', 'satunya', 'sombong']","['satunya', 'konyol', 'satunya', 'sombong']","['satu', 'konyol', 'satu', 'sombong']",satu konyol satu sombong,negative
"Penjilat disebut Penjilat 
Marah 
Aneh",penjilat disebut penjilat marah aneh,"['penjilat', 'disebut', 'penjilat', 'marah', 'aneh']","['penjilat', 'penjilat', 'marah', 'aneh']","['jilat', 'jilat', 'marah', 'aneh']",jilat jilat marah aneh,negative
Beda kelas coy......,beda kelas coy,"['beda', 'kelas', 'coy']","['beda', 'kelas', 'coy']","['beda', 'kelas', 'coy']",beda kelas coy,negative
"Dzolim.itu bukan kata org tapi kata Lu, .......ngomong ke san ke sana kemari",dzolim itu bukan kata orang tapi kata anda ngomong ke san ke sana kemari,"['dzolim', 'itu', 'bukan', 'kata', 'orang', 'tapi', 'kata', 'anda', 'ngomong', 'ke', 'san', 'ke', 'sana', 'kemari']","['dzolim', 'orang', 'ngomong', 'san', 'kemari']","['dzolim', 'orang', 'ngomong', 'san', 'kemari']",dzolim orang ngomong san kemari,negative
Pokoknya bung rocky cerdas dan membuat rakyat menjadi cerdas. Yang membuat rakyat jadi bodoh itu adalah PDI perjuangan.,pokoknya bung rocky cerdas dan membuat rakyat menjadi cerdas yang membuat rakyat jadi bodoh itu adalah pdi perjuangan,"['pokoknya', 'bung', 'rocky', 'cerdas', 'dan', 'membuat', 'rakyat', 'menjadi', 'cerdas', 'yang', 'membuat', 'rakyat', 'jadi', 'bodoh', 'itu', 'adalah', 'pdi', 'perjuangan']","['pokoknya', 'rocky', 'cerdas', 'rakyat', 'cerdas', 'rakyat', 'bodoh', 'pdi', 'perjuangan']","['pokok', 'rocky', 'cerdas', 'rakyat', 'cerdas', 'rakyat', 'bodoh', 'pdi', 'juang']",pokok rocky cerdas rakyat cerdas rakyat bodoh pdi juang,negative
"Dakjal akan selalu berbelit2 bersembunyi di ketiak teori, tanpa di dasari fakta",dakjal akan selalu berbelit bersembunyi di ketiak teori tanpa di dasari fakta,"['dakjal', 'akan', 'selalu', 'berbelit', 'bersembunyi', 'di', 'ketiak', 'teori', 'tanpa', 'di', 'dasari', 'fakta']","['dakjal', 'berbelit', 'bersembunyi', 'ketiak', 'teori', 'dasari', 'fakta']","['dakjal', 'belit', 'sembunyi', 'ketiak', 'teori', 'dasar', 'fakta']",dakjal belit sembunyi ketiak teori dasar fakta,negative
Lagi2 Bung Rocky ! Kami pedulung Bung Rocky  yg pada pikiran waras normal tenang aja Bung  ğŸ‘ğŸ’ªğŸ™ğŸ¤²ğŸ¤²ğŸ¤²,lagi bung rocky kami pedulung bung rocky yang pada pikiran waras normal tenang saja bung,"['lagi', 'bung', 'rocky', 'kami', 'pedulung', 'bung', 'rocky', 'yang', 'pada', 'pikiran', 'waras', 'normal', 'tenang', 'saja', 'bung']","['rocky', 'pedulung', 'rocky', 'pikiran', 'waras', 'normal', 'tenang']","['rocky', 'pedulung', 'rocky', 'pikir', 'waras', 'normal', 'tenang']",rocky pedulung rocky pikir waras normal tenang,neutral
Mana yang nonton seindonesia ğŸ˜‚ğŸ˜‚ğŸ˜‚,mana yang nonton seindonesia,"['mana', 'yang', 'nonton', 'seindonesia']","['nonton', 'seindonesia']","['nonton', 'indonesia']",nonton indonesia,neutral
Yang lain mau ikut debat tapi takut ğŸ˜‚,yang lain mau ikut debat tapi takut,"['yang', 'lain', 'mau', 'ikut', 'debat', 'tapi', 'takut']","['debat', 'takut']","['debat', 'takut']",debat takut,neutral
"tenang nya luar biasa bung rockyy, menyala panutanku ğŸ‘ğŸ‘",tenang nya luar biasa bung rockyy menyala panutanku,"['tenang', 'nya', 'luar', 'biasa', 'bung', 'rockyy', 'menyala', 'panutanku']","['tenang', 'rockyy', 'menyala', 'panutanku']","['tenang', 'rockyy', 'nyala', 'panutan']",tenang rockyy nyala panutan,neutral
nemu 2 kata super lucu di sini ğŸ¤£ğŸ¤£ğŸ¤£ğŸ¤£ğŸ¤£ğŸ¤£ğŸ¤£ğŸ¤£,nemu kata super lucu di sini,"['nemu', 'kata', 'super', 'lucu', 'di', 'sini']","['nemu', 'super', 'lucu']","['nemu', 'super', 'lucu']",nemu super lucu,neutral
"*anda siapa, anda siapa, anda nothing* bahasa templated anak tektok, basi achh.",anda siapa anda siapa anda nothing bahasa templated anak tektok basi achh,"['anda', 'siapa', 'anda', 'siapa', 'anda', 'nothing', 'bahasa', 'templated', 'anak', 'tektok', 'basi', 'achh']","['nothing', 'bahasa', 'templated', 'anak', 'tektok', 'basi', 'achh']","['nothing', 'bahasa', 'templated', 'anak', 'tektok', 'basi', 'achh']",nothing bahasa templated anak tektok basi achh,neutral
ig dia spa?,ig dia spa,"['ig', 'dia', 'spa']","['ig', 'spa']","['ig', 'spa']",ig spa,neutral
Ngapai di sensor takut KPI,ngapai di sensor takut kpi,"['ngapai', 'di', 'sensor', 'takut', 'kpi']","['ngapai', 'sensor', 'takut', 'kpi']","['ngapai', 'sensor', 'takut', 'kpi']",ngapai sensor takut kpi,neutral
Anda siapa? #@##@)&$Anda nothing? ğŸ˜®ğŸ˜®!,anda siapa anda nothing,"['anda', 'siapa', 'anda', 'nothing']",['nothing'],['nothing'],nothing,neutral
"kan sudah jelas, perjanjian harus di ucapkan.",kan sudah jelas perjanjian harus di ucapkan,"['kan', 'sudah', 'jelas', 'perjanjian', 'harus', 'di', 'ucapkan']","['perjanjian', 'ucapkan']","['janji', 'ucap']",janji ucap,neutral
Silvester kosong.. Nothing,silfester kosong nothing,"['silfester', 'kosong', 'nothing']","['silfester', 'kosong', 'nothing']","['silfester', 'kosong', 'nothing']",silfester kosong nothing,neutral
Mau komen tp takut kenak delik,mau komentar tapi takut kenak delik,"['mau', 'komentar', 'tapi', 'takut', 'kenak', 'delik']","['komentar', 'takut', 'kenak', 'delik']","['komentar', 'takut', 'nak', 'delik']",komentar takut nak delik,neutral
Anies pas debat nyerang pribadi ğŸ˜®,anies pas debat nyerang pribadi,"['anies', 'pas', 'debat', 'nyerang', 'pribadi']","['anies', 'pas', 'debat', 'nyerang', 'pribadi']","['anies', 'pas', 'debat', 'nyerang', 'pribadi']",anies pas debat nyerang pribadi,neutral
Kaum 58 memang zonk,kaum memang zonk,"['kaum', 'memang', 'zonk']","['kaum', 'zonk']","['kaum', 'zonk']",kaum zonk,neutral
"Silv ; anda (rg) nothing, pak jokowi 1000x lipat dr anda (rg) = nothing (0)x1000 = 0 secara ga lgs silv menilai jkw juga 0 aka kosong ğŸ˜…",silv anda rocky gerung nothing pak jokowi lipat dari anda rocky gerung nothing secara tidak lgs silv menilai jkw juga aka kosong,"['silv', 'anda', 'rocky', 'gerung', 'nothing', 'pak', 'jokowi', 'lipat', 'dari', 'anda', 'rocky', 'gerung', 'nothing', 'secara', 'tidak', 'lgs', 'silv', 'menilai', 'jkw', 'juga', 'aka', 'kosong']","['silv', 'rocky', 'gerung', 'nothing', 'jokowi', 'lipat', 'rocky', 'gerung', 'nothing', 'lgs', 'silv', 'menilai', 'jkw', 'aka', 'kosong']","['silv', 'rocky', 'gerung', 'nothing', 'jokowi', 'lipat', 'rocky', 'gerung', 'nothing', 'lgs', 'silv', 'nilai', 'jkw', 'aka', 'kosong']",silv rocky gerung nothing jokowi lipat rocky gerung nothing lgs silv nilai jkw aka kosong,neutral
Betul.. Rg is nothing.... Dia hanya omon omon..,betul rocky gerung is nothing dia hanya omon omon,"['betul', 'rocky', 'gerung', 'is', 'nothing', 'dia', 'hanya', 'omon', 'omon']","['rocky', 'gerung', 'nothing', 'omon', 'omon']","['rocky', 'gerung', 'nothing', 'omon', 'omon']",rocky gerung nothing omon omon,neutral
Nggak punya istri kok di bilang lelaki jantan ?,tidak punya istri kok di bilang lelaki jantan,"['tidak', 'punya', 'istri', 'kok', 'di', 'bilang', 'lelaki', 'jantan']","['istri', 'bilang', 'lelaki', 'jantan']","['istri', 'bilang', 'lelaki', 'jantan']",istri bilang lelaki jantan,neutral
"you are nothing, Silfester !",you are nothing silfester,"['you', 'are', 'nothing', 'silfester']","['nothing', 'silfester']","['nothing', 'silfester']",nothing silfester,neutral
"bung rocky pinter menjebak,tenang gaya bicaranya,intelektual tinggi",bung rocky pinter menjebak tenang gaya bicaranya intelektual tinggi,"['bung', 'rocky', 'pinter', 'menjebak', 'tenang', 'gaya', 'bicaranya', 'intelektual', 'tinggi']","['rocky', 'pinter', 'menjebak', 'tenang', 'gaya', 'bicaranya', 'intelektual']","['rocky', 'pinter', 'jebak', 'tenang', 'gaya', 'bicara', 'intelektual']",rocky pinter jebak tenang gaya bicara intelektual,neutral
Nontonya pegel oy,nontonya pegel oy,"['nontonya', 'pegel', 'oy']","['nontonya', 'pegel', 'oy']","['nontonya', 'gel', 'oy']",nontonya gel oy,neutral
"Mana buktinya di ulang"" berkali""  
Bukti banyak tp seolah"" di tiadakan",mana buktinya di ulang berkali bukti banyak tapi seolah di tiadakan,"['mana', 'buktinya', 'di', 'ulang', 'berkali', 'bukti', 'banyak', 'tapi', 'seolah', 'di', 'tiadakan']","['buktinya', 'ulang', 'berkali', 'bukti', 'tiadakan']","['bukti', 'ulang', 'kali', 'bukti', 'tiada']",bukti ulang kali bukti tiada,neutral
"Kok masih bilang jika roky jantan  ğŸ˜ƒğŸ˜ƒğŸ˜ƒ, roky belum nikah jelas gak jantan lah",kok masih bilang jika rocky jantan rocky belum nikah jelas tidak jantan lah,"['kok', 'masih', 'bilang', 'jika', 'rocky', 'jantan', 'rocky', 'belum', 'nikah', 'jelas', 'tidak', 'jantan', 'lah']","['bilang', 'rocky', 'jantan', 'rocky', 'nikah', 'jantan']","['bilang', 'rocky', 'jantan', 'rocky', 'nikah', 'jantan']",bilang rocky jantan rocky nikah jantan,neutral
Nyesek jebakan batman ğŸ˜‚,nyesek jebakan batman,"['nyesek', 'jebakan', 'batman']","['nyesek', 'jebakan', 'batman']","['nyesek', 'jebak', 'batman']",nyesek jebak batman,neutral
RendahğŸ˜®,rendah,['rendah'],['rendah'],['rendah'],rendah,neutral
"Diukur dulu kalau mau debat berapa IQ minimal, jangan IQ 67 diajak debatğŸ˜…",diukur dulu kalau mau debat berapa iq minimal jangan iq diajak debat,"['diukur', 'dulu', 'kalau', 'mau', 'debat', 'berapa', 'iq', 'minimal', 'jangan', 'iq', 'diajak', 'debat']","['diukur', 'debat', 'iq', 'minimal', 'iq', 'diajak', 'debat']","['ukur', 'debat', 'iq', 'minimal', 'iq', 'ajak', 'debat']",ukur debat iq minimal iq ajak debat,neutral
Koyo nonton wayang kulit ğŸ˜‚ğŸ˜‚,koyo nonton wayang kulit,"['koyo', 'nonton', 'wayang', 'kulit']","['koyo', 'nonton', 'wayang', 'kulit']","['koyo', 'nonton', 'wayang', 'kulit']",koyo nonton wayang kulit,neutral
Yang nothing itu anda silfester nothing malah zonk emosian dan buta hurup,yang nothing itu anda silfester nothing malah zonk emosian dan buta hurup,"['yang', 'nothing', 'itu', 'anda', 'silfester', 'nothing', 'malah', 'zonk', 'emosian', 'dan', 'buta', 'hurup']","['nothing', 'silfester', 'nothing', 'zonk', 'emosian', 'buta', 'hurup']","['nothing', 'silfester', 'nothing', 'zonk', 'emosi', 'buta', 'hurup']",nothing silfester nothing zonk emosi buta hurup,neutral
"SAMPAI SELESAI SAYA NONTON ,GAK JUGA ADA BUKTI KELUAR ğŸ˜†ğŸ˜†ğŸ˜†",sampai selesai saya nonton tidak juga ada bukti keluar,"['sampai', 'selesai', 'saya', 'nonton', 'tidak', 'juga', 'ada', 'bukti', 'keluar']","['selesai', 'nonton', 'bukti']","['selesai', 'nonton', 'bukti']",selesai nonton bukti,neutral
NEVER TRUST POLITICIANS...,never trust politicians,"['never', 'trust', 'politicians']","['never', 'trust', 'politicians']","['never', 'trust', 'politicians']",never trust politicians,neutral
Ketinggalan nie lihat drama di indonesia,ketinggalan nie lihat drama di indonesia,"['ketinggalan', 'nie', 'lihat', 'drama', 'di', 'indonesia']","['ketinggalan', 'nie', 'lihat', 'drama', 'indonesia']","['tinggal', 'nie', 'lihat', 'drama', 'indonesia']",tinggal nie lihat drama indonesia,neutral
Lu SILFESTER dan jokowi yg ijazah nya palsu are NOTHING ğŸ˜…,anda silfester dan jokowi yang ijazah nya palsu are nothing,"['anda', 'silfester', 'dan', 'jokowi', 'yang', 'ijazah', 'nya', 'palsu', 'are', 'nothing']","['silfester', 'jokowi', 'ijazah', 'palsu', 'nothing']","['silfester', 'jokowi', 'ijazah', 'palsu', 'nothing']",silfester jokowi ijazah palsu nothing,neutral
infokan ig Abang..,infokan ig abang,"['infokan', 'ig', 'abang']","['infokan', 'ig', 'abang']","['info', 'ig', 'abang']",info ig abang,neutral
Dia sedang merendahkan dirinya sendiri,dia sedang merendahkan dirinya sendiri,"['dia', 'sedang', 'merendahkan', 'dirinya', 'sendiri']",['merendahkan'],['rendah'],rendah,neutral
Sambil ngopi nonton omonÂ²,sambil ngopi nonton omon,"['sambil', 'ngopi', 'nonton', 'omon']","['ngopi', 'nonton', 'omon']","['ngopi', 'nonton', 'omon']",ngopi nonton omon,neutral
"""Kenapa nada ngaku?""",kenapa nada ngaku,"['kenapa', 'nada', 'ngaku']","['nada', 'ngaku']","['nada', 'ngaku']",nada ngaku,neutral
Jebakan batman,jebakan batman,"['jebakan', 'batman']","['jebakan', 'batman']","['jebak', 'batman']",jebak batman,neutral
"Kebanyakan teori , doing nothing - rocky gerung",kebanyakan teori doing nothing rocky gerung,"['kebanyakan', 'teori', 'doing', 'nothing', 'rocky', 'gerung']","['kebanyakan', 'teori', 'nothing', 'rocky', 'gerung']","['banyak', 'teori', 'nothing', 'rocky', 'gerung']",banyak teori nothing rocky gerung,neutral
Rocky tenang sekali.,rocky tenang sekali,"['rocky', 'tenang', 'sekali']","['rocky', 'tenang']","['rocky', 'tenang']",rocky tenang,neutral
Yang tenang yang menang. ğŸ˜‚,yang tenang yang menang,"['yang', 'tenang', 'yang', 'menang']","['tenang', 'menang']","['tenang', 'menang']",tenang menang,neutral
Rocky nothing...wkwkwk...bakteri negara...,rocky nothing wkwkwk bakteri negara,"['rocky', 'nothing', 'wkwkwk', 'bakteri', 'negara']","['rocky', 'nothing', 'bakteri', 'negara']","['rocky', 'nothing', 'bakteri', 'negara']",rocky nothing bakteri negara,neutral
Ni org yg nothing,ini orang yang nothing,"['ini', 'orang', 'yang', 'nothing']","['orang', 'nothing']","['orang', 'nothing']",orang nothing,neutral
"Pas Debat ini Lagi Nonton live ... pas momen lgi berantam udah ku duga bakalan viral .
Ternyata benar juga pas ku cek lagi di yotubeğŸ¤£",pas debat ini lagi nonton live pas momen lgi berantam udah ku duga bakalan viral ternyata benar juga pas ku cek lagi di yotube,"['pas', 'debat', 'ini', 'lagi', 'nonton', 'live', 'pas', 'momen', 'lgi', 'berantam', 'udah', 'ku', 'duga', 'bakalan', 'viral', 'ternyata', 'benar', 'juga', 'pas', 'ku', 'cek', 'lagi', 'di', 'yotube']","['pas', 'debat', 'nonton', 'live', 'pas', 'momen', 'lgi', 'berantam', 'udah', 'ku', 'duga', 'viral', 'pas', 'ku', 'cek', 'yotube']","['pas', 'debat', 'nonton', 'live', 'pas', 'momen', 'lgi', 'rantam', 'udah', 'ku', 'duga', 'viral', 'pas', 'ku', 'cek', 'yotube']",pas debat nonton live pas momen lgi rantam udah ku duga viral pas ku cek yotube,neutral
"Dikatain rocky gerung nothing...ada2 aja lu pak, yg aku gak tau namanya",dikatain rocky gerung nothing ada saja anda pak yang aku tidak tau namanya,"['dikatain', 'rocky', 'gerung', 'nothing', 'ada', 'saja', 'anda', 'pak', 'yang', 'aku', 'tidak', 'tau', 'namanya']","['dikatain', 'rocky', 'gerung', 'nothing', 'tau', 'namanya']","['dikatain', 'rocky', 'gerung', 'nothing', 'tau', 'nama']",dikatain rocky gerung nothing tau nama,neutral
Terlihat mana yg berkelas mana yg rendahan...,terlihat mana yang berkelas mana yang rendahan,"['terlihat', 'mana', 'yang', 'berkelas', 'mana', 'yang', 'rendahan']","['berkelas', 'rendahan']","['kelas', 'rendah']",kelas rendah,neutral
Being and Nothingness itu sartre btw..bukan heidegger,being and nothingness itu sartre btw bukan heidegger,"['being', 'and', 'nothingness', 'itu', 'sartre', 'btw', 'bukan', 'heidegger']","['nothingness', 'sartre', 'btw', 'heidegger']","['nothingness', 'sartre', 'btw', 'heidegger']",nothingness sartre btw heidegger,neutral
Pasti dia nonton video dia sedungu ini,pasti dia nonton video dia sedungu ini,"['pasti', 'dia', 'nonton', 'video', 'dia', 'sedungu', 'ini']","['nonton', 'video', 'sedungu']","['nonton', 'video', 'dungu']",nonton video dungu,neutral
Terlihat ketidak mampuannya melawan dg argumentasi yg bisa dilakukan emosi disertai kekerasan. Bar bar..,terlihat ketidak mampuannya melawan dengan argumentasi yang bisa dilakukan emosi disertai kekerasan bar bar,"['terlihat', 'ketidak', 'mampuannya', 'melawan', 'dengan', 'argumentasi', 'yang', 'bisa', 'dilakukan', 'emosi', 'disertai', 'kekerasan', 'bar', 'bar']","['ketidak', 'mampuannya', 'melawan', 'argumentasi', 'emosi', 'disertai', 'kekerasan', 'bar', 'bar']","['tidak', 'mampu', 'lawan', 'argumentasi', 'emosi', 'serta', 'keras', 'bar', 'bar']",tidak mampu lawan argumentasi emosi serta keras bar bar,neutral
Seneng lihat debatğŸ˜…,seneng lihat debat,"['seneng', 'lihat', 'debat']","['seneng', 'lihat', 'debat']","['neng', 'lihat', 'debat']",neng lihat debat,neutral
Ada yang tau ga akun IG nya??,ada yang tau tidak akun ig nya,"['ada', 'yang', 'tau', 'tidak', 'akun', 'ig', 'nya']","['tau', 'akun', 'ig']","['tau', 'akun', 'ig']",tau akun ig,neutral
Menurut saya aiman kurang pas menjadi pembawa acara. Kurang tegas,menurut saya aiman kurang pas menjadi pembawa acara kurang tegas,"['menurut', 'saya', 'aiman', 'kurang', 'pas', 'menjadi', 'pembawa', 'acara', 'kurang', 'tegas']","['aiman', 'pas', 'pembawa', 'acara']","['aiman', 'pas', 'bawa', 'acara']",aiman pas bawa acara,neutral
Akhir dari ketidak mampuan...adalah tersisa kemampuan emosional...ğŸ˜‚ğŸ˜‚,akhir dari ketidak mampuan adalah tersisa kemampuan emosional,"['akhir', 'dari', 'ketidak', 'mampuan', 'adalah', 'tersisa', 'kemampuan', 'emosional']","['ketidak', 'mampuan', 'tersisa', 'kemampuan', 'emosional']","['tidak', 'mampu', 'sisa', 'mampu', 'emosional']",tidak mampu sisa mampu emosional,neutral
Mau komen takut banyak tukang bakso,mau komentar takut banyak tukang bakso,"['mau', 'komentar', 'takut', 'banyak', 'tukang', 'bakso']","['komentar', 'takut', 'tukang', 'bakso']","['komentar', 'takut', 'tukang', 'bakso']",komentar takut tukang bakso,neutral
silfester is nothing,silfester is nothing,"['silfester', 'is', 'nothing']","['silfester', 'nothing']","['silfester', 'nothing']",silfester nothing,neutral
"Lanjutkan bung rocky. Tenang anda aman. Sekelas abu janda dan gufron aja aman
apalagi anda orang pinter",lanjutkan bung rocky tenang anda aman sekelas abu janda dan gufron saja aman apalagi anda orang pinter,"['lanjutkan', 'bung', 'rocky', 'tenang', 'anda', 'aman', 'sekelas', 'abu', 'janda', 'dan', 'gufron', 'saja', 'aman', 'apalagi', 'anda', 'orang', 'pinter']","['lanjutkan', 'rocky', 'tenang', 'aman', 'sekelas', 'abu', 'janda', 'gufron', 'aman', 'orang', 'pinter']","['lanjut', 'rocky', 'tenang', 'aman', 'kelas', 'abu', 'janda', 'gufron', 'aman', 'orang', 'pinter']",lanjut rocky tenang aman kelas abu janda gufron aman orang pinter,neutral
cerdas tiada lwan ni bung roky . istmiwir,cerdas tiada lwan ini bung rocky istmiwir,"['cerdas', 'tiada', 'lwan', 'ini', 'bung', 'rocky', 'istmiwir']","['cerdas', 'tiada', 'lwan', 'rocky', 'istmiwir']","['cerdas', 'tiada', 'lwan', 'rocky', 'istmiwir']",cerdas tiada lwan rocky istmiwir,neutral
"Kebenaran akan tenang ,",kebenaran akan tenang,"['kebenaran', 'akan', 'tenang']","['kebenaran', 'tenang']","['benar', 'tenang']",benar tenang,neutral
Mana iG nya,mana ig nya,"['mana', 'ig', 'nya']",['ig'],['ig'],ig,neutral
"MANTAAAPP BANG ROCKY,",mantaapp bang rocky,"['mantaapp', 'bang', 'rocky']","['mantaapp', 'bang', 'rocky']","['mantaapp', 'bang', 'rocky']",mantaapp bang rocky,positive
"â¤BANG ROCKY GERUNGâ¤
ğŸ‘ğŸ‘ğŸ‘â­â­â­â­â­ğŸ‘ğŸ‘ğŸ‘
HEBAT LUAR BIASA â¤â¤â¤â¤",bang rocky gerung hebat luar biasa,"['bang', 'rocky', 'gerung', 'hebat', 'luar', 'biasa']","['bang', 'rocky', 'gerung', 'hebat']","['bang', 'rocky', 'gerung', 'hebat']",bang rocky gerung hebat,positive
weehh,weehh,['weehh'],['weehh'],['weehh'],weehh,positive
Kena smash terus karna silvester gk punya wawasan ğŸ˜‚ğŸ˜‚ğŸ˜‚ğŸ˜‚ğŸ˜‚,kena smash terus karna silfester tidak punya wawasan,"['kena', 'smash', 'terus', 'karna', 'silfester', 'tidak', 'punya', 'wawasan']","['kena', 'smash', 'karna', 'silfester', 'wawasan']","['kena', 'smash', 'karna', 'silfester', 'wawas']",kena smash karna silfester wawas,positive
Di suruh jelaskan kok malah berpuisi...roky oh roky...gi mana gak naik tensi,di suruh jelaskan kok malah berpuisi rocky oh rocky gi mana tidak naik tensi,"['di', 'suruh', 'jelaskan', 'kok', 'malah', 'berpuisi', 'rocky', 'oh', 'rocky', 'gi', 'mana', 'tidak', 'naik', 'tensi']","['suruh', 'berpuisi', 'rocky', 'oh', 'rocky', 'gi', 'tensi']","['suruh', 'puisi', 'rocky', 'oh', 'rocky', 'gi', 'tensi']",suruh puisi rocky oh rocky gi tensi,positive
Menyala abangku Roky ğŸ˜˜,menyala abangku rocky,"['menyala', 'abangku', 'rocky']","['menyala', 'abangku', 'rocky']","['nyala', 'abang', 'rocky']",nyala abang rocky,positive
"Kapasitas nya cuma segitu doangğŸ˜‚ğŸ˜‚ğŸ˜‚
Penjilat yang tidak terima dikatakan sebagai penjilat ğŸ˜‚ğŸ˜‚ğŸ˜‚",kapasitas nya cuma segitu doang penjilat yang tidak terima dikatakan sebagai penjilat,"['kapasitas', 'nya', 'cuma', 'segitu', 'doang', 'penjilat', 'yang', 'tidak', 'terima', 'dikatakan', 'sebagai', 'penjilat']","['kapasitas', 'segitu', 'doang', 'penjilat', 'terima', 'penjilat']","['kapasitas', 'segitu', 'doang', 'jilat', 'terima', 'jilat']",kapasitas segitu doang jilat terima jilat,positive
Pak RG maju terus,pak rocky gerung maju terus,"['pak', 'rocky', 'gerung', 'maju', 'terus']","['rocky', 'gerung', 'maju']","['rocky', 'gerung', 'maju']",rocky gerung maju,positive
Bung ruki cerdas sekali dosen,bung ruki cerdas sekali dosen,"['bung', 'ruki', 'cerdas', 'sekali', 'dosen']","['ruki', 'cerdas', 'dosen']","['ruki', 'cerdas', 'dosen']",ruki cerdas dosen,positive
Bang Roky kerereeen,bang rocky kerereen,"['bang', 'rocky', 'kerereen']","['bang', 'rocky', 'kerereen']","['bang', 'rocky', 'kerereen']",bang rocky kerereen,positive
drama papan atas cari makan,drama papan atas cari makan,"['drama', 'papan', 'atas', 'cari', 'makan']","['drama', 'papan', 'cari', 'makan']","['drama', 'papan', 'cari', 'makan']",drama papan cari makan,positive
Succes it's not free you have to JILAT for it ğŸ˜‚ğŸ˜‚,succes it not free you have to jilat for it,"['succes', 'it', 'not', 'free', 'you', 'have', 'to', 'jilat', 'for', 'it']","['succes', 'free', 'jilat']","['succes', 'free', 'jilat']",succes free jilat,positive
Yg cerdas ama yg berilmu ( katanya ).... ğŸ˜…ğŸ˜…ğŸ˜…ğŸ˜…,yang cerdas sama yang berilmu katanya,"['yang', 'cerdas', 'sama', 'yang', 'berilmu', 'katanya']","['cerdas', 'berilmu']","['cerdas', 'beril']",cerdas beril,positive
Kereeeeen Roky mantap,kereen rocky mantap,"['kereen', 'rocky', 'mantap']","['kereen', 'rocky', 'mantap']","['kereen', 'rocky', 'mantap']",kereen rocky mantap,positive
Jujur Rocky Gerung saya mendukung kebijakanmu...,jujur rocky gerung saya mendukung kebijakanmu,"['jujur', 'rocky', 'gerung', 'saya', 'mendukung', 'kebijakanmu']","['jujur', 'rocky', 'gerung', 'mendukung', 'kebijakanmu']","['jujur', 'rocky', 'gerung', 'dukung', 'bijak']",jujur rocky gerung dukung bijak,positive
Salut sama RG,salut sama rocky gerung,"['salut', 'sama', 'rocky', 'gerung']","['salut', 'rocky', 'gerung']","['salut', 'rocky', 'gerung']",salut rocky gerung,positive
Wkwkwkwk terpancing wkkwkw keliatan lansung moral,wkwkwkwk terpancing wkkwkw keliatan lansung moral,"['wkwkwkwk', 'terpancing', 'wkkwkw', 'keliatan', 'lansung', 'moral']","['terpancing', 'wkkwkw', 'keliatan', 'lansung', 'moral']","['pancing', 'wkkwkw', 'liat', 'lansung', 'moral']",pancing wkkwkw liat lansung moral,positive
"1 GIBRAN
2 KAESANG
3 SILVESTER
SATU PAKET SATU KOLAM.ğŸ˜‚ğŸ˜‚",gibran kaesang silfester satu paket satu kolam,"['gibran', 'kaesang', 'silfester', 'satu', 'paket', 'satu', 'kolam']","['gibran', 'kaesang', 'silfester', 'paket', 'kolam']","['gibran', 'kaesang', 'silfester', 'paket', 'kolam']",gibran kaesang silfester paket kolam,positive
"BungRocky luar biasa, salutğŸ‘",bungrocky luar biasa salut,"['bungrocky', 'luar', 'biasa', 'salut']","['bungrocky', 'salut']","['bungrocky', 'salut']",bungrocky salut,positive
Silfester itu apa ya,silfester itu apa ya,"['silfester', 'itu', 'apa', 'ya']","['silfester', 'ya']","['silfester', 'ya']",silfester ya,positive
Pengen ketawa theeeeeee,pengen ketawa thee,"['pengen', 'ketawa', 'thee']","['pengen', 'ketawa', 'thee']","['ken', 'ketawa', 'thee']",ken ketawa thee,positive
Dipermalukan seluruh indonesia ğŸ˜‚..  rocky. Mantaaap,dipermalukan seluruh indonesia rocky mantaap,"['dipermalukan', 'seluruh', 'indonesia', 'rocky', 'mantaap']","['dipermalukan', 'indonesia', 'rocky', 'mantaap']","['malu', 'indonesia', 'rocky', 'mantaap']",malu indonesia rocky mantaap,positive
kasian ini kepancing ğŸ˜‚,kasian ini kepancing,"['kasian', 'ini', 'kepancing']","['kasian', 'kepancing']","['kasi', 'pancing']",kasi pancing,positive
Ya jelas...,ya jelas,"['ya', 'jelas']",['ya'],['ya'],ya,positive
Bang rokky makin keren â¤ï¸,bang rocky makin keren,"['bang', 'rocky', 'makin', 'keren']","['bang', 'rocky', 'keren']","['bang', 'rocky', 'keren']",bang rocky keren,positive
Intinya beda ilmu beda pemahaman...saya akui roky ini hebat memadu padan kan kata....tp yg pasti saya bukan pengikut roky...karna pamikiranx ga masuk akal.....tp ya udah nmx juga roky....ga bakal roky bisa nyebutkan fakta hukum....karna dia harus bs tidak terlibat dhn hukum dgn kata2nya....filsafat oh filsafat.....,intinya beda ilmu beda pemahaman saya akui rocky ini hebat memadu padan kan kata tapi yang pasti saya bukan pengikut rocky karna pamikiranx tidak masuk akal tapi ya udah nmx juga rocky tidak bakal rocky bisa nyebutkan fakta hukum karna dia harus bisa tidak terlibat dhn hukum dengan kata nya filsafat oh filsafat,"['intinya', 'beda', 'ilmu', 'beda', 'pemahaman', 'saya', 'akui', 'rocky', 'ini', 'hebat', 'memadu', 'padan', 'kan', 'kata', 'tapi', 'yang', 'pasti', 'saya', 'bukan', 'pengikut', 'rocky', 'karna', 'pamikiranx', 'tidak', 'masuk', 'akal', 'tapi', 'ya', 'udah', 'nmx', 'juga', 'rocky', 'tidak', 'bakal', 'rocky', 'bisa', 'nyebutkan', 'fakta', 'hukum', 'karna', 'dia', 'harus', 'bisa', 'tidak', 'terlibat', 'dhn', 'hukum', 'dengan', 'kata', 'nya', 'filsafat', 'oh', 'filsafat']","['intinya', 'beda', 'ilmu', 'beda', 'pemahaman', 'akui', 'rocky', 'hebat', 'memadu', 'padan', 'pengikut', 'rocky', 'karna', 'pamikiranx', 'masuk', 'akal', 'ya', 'udah', 'nmx', 'rocky', 'rocky', 'nyebutkan', 'fakta', 'hukum', 'karna', 'terlibat', 'dhn', 'hukum', 'filsafat', 'oh', 'filsafat']","['inti', 'beda', 'ilmu', 'beda', 'paham', 'aku', 'rocky', 'hebat', 'madu', 'padan', 'ikut', 'rocky', 'karna', 'pamikiranx', 'masuk', 'akal', 'ya', 'udah', 'nmx', 'rocky', 'rocky', 'nyebutkan', 'fakta', 'hukum', 'karna', 'libat', 'dhn', 'hukum', 'filsafat', 'oh', 'filsafat']",inti beda ilmu beda paham aku rocky hebat madu padan ikut rocky karna pamikiranx masuk akal ya udah nmx rocky rocky nyebutkan fakta hukum karna libat dhn hukum filsafat oh filsafat,positive
Kita aja rakyat bisa menilai antar bung roki dengan lawan debat nya mana yang lebih berkualitas .ğŸ˜‚,kita saja rakyat bisa menilai antar bung rocky dengan lawan debat nya mana yang lebih berkualitas,"['kita', 'saja', 'rakyat', 'bisa', 'menilai', 'antar', 'bung', 'rocky', 'dengan', 'lawan', 'debat', 'nya', 'mana', 'yang', 'lebih', 'berkualitas']","['rakyat', 'menilai', 'rocky', 'lawan', 'debat', 'berkualitas']","['rakyat', 'nilai', 'rocky', 'lawan', 'debat', 'kualitas']",rakyat nilai rocky lawan debat kualitas,positive
suka banget sama gayanya jalan maju kedepan pas musuhnya emosi ğŸ™ğŸ˜†,suka banget sama gayanya jalan maju kedepan pas musuhnya emosi,"['suka', 'banget', 'sama', 'gayanya', 'jalan', 'maju', 'kedepan', 'pas', 'musuhnya', 'emosi']","['suka', 'banget', 'gayanya', 'jalan', 'maju', 'kedepan', 'pas', 'musuhnya', 'emosi']","['suka', 'banget', 'gaya', 'jalan', 'maju', 'depan', 'pas', 'musuh', 'emosi']",suka banget gaya jalan maju depan pas musuh emosi,positive
Btw rocky ditantang hotman ga berani,btw rocky ditantang hotman tidak berani,"['btw', 'rocky', 'ditantang', 'hotman', 'tidak', 'berani']","['btw', 'rocky', 'ditantang', 'hotman', 'berani']","['btw', 'rocky', 'tantang', 'hotman', 'berani']",btw rocky tantang hotman berani,positive
"Silvester adalah ngabalin jilid 3ğŸ¤£ğŸ¤£
Jilid 2 nya fahri hamzah",silfester adalah ngabalin jilid jilid nya fahri hamzah,"['silfester', 'adalah', 'ngabalin', 'jilid', 'jilid', 'nya', 'fahri', 'hamzah']","['silfester', 'ngabalin', 'jilid', 'jilid', 'fahri', 'hamzah']","['silfester', 'ngabalin', 'jilid', 'jilid', 'fahri', 'hamzah']",silfester ngabalin jilid jilid fahri hamzah,positive
"Humiliating person effortlessly, nice one Bung Rocky",humiliating person effortlessly nice one bung rocky,"['humiliating', 'person', 'effortlessly', 'nice', 'one', 'bung', 'rocky']","['humiliating', 'person', 'effortlessly', 'nice', 'one', 'rocky']","['humiliating', 'person', 'effortlessly', 'nice', 'one', 'rocky']",humiliating person effortlessly nice one rocky,positive
Kentara sekali dia penjilat,kentara sekali dia penjilat,"['kentara', 'sekali', 'dia', 'penjilat']","['kentara', 'penjilat']","['kentara', 'jilat']",kentara jilat,positive
Bung roky ga ada imbang,bung rocky tidak ada imbang,"['bung', 'rocky', 'tidak', 'ada', 'imbang']","['rocky', 'imbang']","['rocky', 'imbang']",rocky imbang,positive
saya ga bela siapa2 ..cuma mau bertanya aja.rocky gerung sdah berbuat apa aja utk NKRI??,saya tidak bela siapa cuma mau bertanya saja rocky gerung sdah berbuat apa saja untuk nkri,"['saya', 'tidak', 'bela', 'siapa', 'cuma', 'mau', 'bertanya', 'saja', 'rocky', 'gerung', 'sdah', 'berbuat', 'apa', 'saja', 'untuk', 'nkri']","['bela', 'rocky', 'gerung', 'sdah', 'berbuat', 'nkri']","['bela', 'rocky', 'gerung', 'sdah', 'buat', 'nkri']",bela rocky gerung sdah buat nkri,positive
"Sesekali rocky gerung, dikasih hadiah sj, bogem mentah....biar merasakan sperti apa enaknya....ğŸ˜€ğŸ˜€",sesekali rocky gerung dikasih hadiah sj bogem mentah biar merasakan sperti apa enaknya,"['sesekali', 'rocky', 'gerung', 'dikasih', 'hadiah', 'sj', 'bogem', 'mentah', 'biar', 'merasakan', 'sperti', 'apa', 'enaknya']","['rocky', 'gerung', 'dikasih', 'hadiah', 'sj', 'bogem', 'mentah', 'biar', 'merasakan', 'sperti', 'enaknya']","['rocky', 'gerung', 'kasih', 'hadiah', 'sj', 'bogem', 'mentah', 'biar', 'rasa', 'sperti', 'enak']",rocky gerung kasih hadiah sj bogem mentah biar rasa sperti enak,positive
"Rocky Gerung di sini keren bwuaanget,  masyaAllah.... kalo saya ada di situ udah tepuk tangan terus setiap kalimat beliau selesai ngejawab penjilat ğŸ˜‚ğŸ˜ğŸ‘ğŸ¾ğŸ‘ğŸ¾ğŸ‘ğŸ¾",rocky gerung di sini keren bwuaanget masyaallah kalau saya ada di situ udah tepuk tangan terus setiap kalimat beliau selesai ngejawab penjilat,"['rocky', 'gerung', 'di', 'sini', 'keren', 'bwuaanget', 'masyaallah', 'kalau', 'saya', 'ada', 'di', 'situ', 'udah', 'tepuk', 'tangan', 'terus', 'setiap', 'kalimat', 'beliau', 'selesai', 'ngejawab', 'penjilat']","['rocky', 'gerung', 'keren', 'bwuaanget', 'masyaallah', 'situ', 'udah', 'tepuk', 'tangan', 'kalimat', 'beliau', 'selesai', 'ngejawab', 'penjilat']","['rocky', 'gerung', 'keren', 'bwuaanget', 'masyaallah', 'situ', 'udah', 'tepuk', 'tangan', 'kalimat', 'beliau', 'selesai', 'ngejawab', 'jilat']",rocky gerung keren bwuaanget masyaallah situ udah tepuk tangan kalimat beliau selesai ngejawab jilat,positive
Ga level sama bung Rocky...kasian.. mantap bung Rocky anda layak dapat bintang.,tidak level sama bung rocky kasian mantap bung rocky anda layak dapat bintang,"['tidak', 'level', 'sama', 'bung', 'rocky', 'kasian', 'mantap', 'bung', 'rocky', 'anda', 'layak', 'dapat', 'bintang']","['level', 'rocky', 'kasian', 'mantap', 'rocky', 'layak', 'bintang']","['level', 'rocky', 'kasi', 'mantap', 'rocky', 'layak', 'bintang']",level rocky kasi mantap rocky layak bintang,positive
"Panjang umur bung rocky, Indonesia butuh orang yg punya pemikiran seperti anda. Best of the bestğŸ‘ğŸ»",panjang umur bung rocky indonesia butuh orang yang punya pemikiran seperti anda best of the best,"['panjang', 'umur', 'bung', 'rocky', 'indonesia', 'butuh', 'orang', 'yang', 'punya', 'pemikiran', 'seperti', 'anda', 'best', 'of', 'the', 'best']","['umur', 'rocky', 'indonesia', 'butuh', 'orang', 'pemikiran', 'best', 'best']","['umur', 'rocky', 'indonesia', 'butuh', 'orang', 'pikir', 'best', 'best']",umur rocky indonesia butuh orang pikir best best,positive
"Bang Rocky lebih cerdas, beradab berakal sehat..lanjutkan bang Rocky rakyat mendukungmu..ğŸ‘ğŸ‘",bang rocky lebih cerdas beradab berakal sehat lanjutkan bang rocky rakyat mendukungmu,"['bang', 'rocky', 'lebih', 'cerdas', 'beradab', 'berakal', 'sehat', 'lanjutkan', 'bang', 'rocky', 'rakyat', 'mendukungmu']","['bang', 'rocky', 'cerdas', 'beradab', 'berakal', 'sehat', 'lanjutkan', 'bang', 'rocky', 'rakyat', 'mendukungmu']","['bang', 'rocky', 'cerdas', 'adab', 'akal', 'sehat', 'lanjut', 'bang', 'rocky', 'rakyat', 'dukung']",bang rocky cerdas adab akal sehat lanjut bang rocky rakyat dukung,positive
2+ 4 = kambing,kambing,['kambing'],['kambing'],['kambing'],kambing,positive
Wkwkwk hahahahahahaha,wkwkwk hahahahahahaha,"['wkwkwk', 'hahahahahahaha']",['hahahahahahaha'],['hahahahahahaha'],hahahahahahaha,positive
HahahahahahğŸ¤£ğŸ¤£ğŸ¤£ğŸ¤£ğŸ¤£ğŸ¤£,hahahahahah,['hahahahahah'],['hahahahahah'],['hahahahahah'],hahahahahah,positive
"Mantab bang Roki......
Payah sekali pemuja mulyonoğŸ˜‚ğŸ˜‚ğŸ˜‚ğŸ˜‚ğŸ˜‚",mantab bang rocky payah sekali pemuja mulyono,"['mantab', 'bang', 'rocky', 'payah', 'sekali', 'pemuja', 'mulyono']","['mantab', 'bang', 'rocky', 'payah', 'pemuja', 'mulyono']","['mantab', 'bang', 'rocky', 'payah', 'puja', 'mulyono']",mantab bang rocky payah puja mulyono,positive
Sangat berguna untuk mengontrol kekuasaan diluar pemerintahan.,sangat berguna untuk mengontrol kekuasaan diluar pemerintahan,"['sangat', 'berguna', 'untuk', 'mengontrol', 'kekuasaan', 'diluar', 'pemerintahan']","['berguna', 'mengontrol', 'kekuasaan', 'diluar', 'pemerintahan']","['guna', 'kontrol', 'kuasa', 'luar', 'perintah']",guna kontrol kuasa luar perintah,positive
"Belum minum obat kawan
Like rocky",belum minum obat kawan like rocky,"['belum', 'minum', 'obat', 'kawan', 'like', 'rocky']","['minum', 'obat', 'kawan', 'like', 'rocky']","['minum', 'obat', 'kawan', 'like', 'rocky']",minum obat kawan like rocky,positive
Terima kasih pak Rocky. Not Rocky no Party,terima kasih pak rocky not rocky no party,"['terima', 'kasih', 'pak', 'rocky', 'not', 'rocky', 'no', 'party']","['terima', 'kasih', 'rocky', 'rocky', 'party']","['terima', 'kasih', 'rocky', 'rocky', 'party']",terima kasih rocky rocky party,positive
"Massya allah bang rocky..genius ...jadi kepingin anakku banyak nimba ilmu dari bang rocky..tapi apalah daya tangan tak sampaiğŸ˜…
I love u bang roky..",massya allah bang rocky genius jadi kepingin anakku banyak nimba ilmu dari bang rocky tapi apalah daya tangan tidak sampai love bang rocky,"['massya', 'allah', 'bang', 'rocky', 'genius', 'jadi', 'kepingin', 'anakku', 'banyak', 'nimba', 'ilmu', 'dari', 'bang', 'rocky', 'tapi', 'apalah', 'daya', 'tangan', 'tidak', 'sampai', 'love', 'bang', 'rocky']","['massya', 'allah', 'bang', 'rocky', 'genius', 'kepingin', 'anakku', 'nimba', 'ilmu', 'bang', 'rocky', 'apalah', 'daya', 'tangan', 'love', 'bang', 'rocky']","['massya', 'allah', 'bang', 'rocky', 'genius', 'kepingin', 'anak', 'nimba', 'ilmu', 'bang', 'rocky', 'apa', 'daya', 'tangan', 'love', 'bang', 'rocky']",massya allah bang rocky genius kepingin anak nimba ilmu bang rocky apa daya tangan love bang rocky,positive
Bagus bang silverster... Kl perlu hajar... Sj kacung orba itu,bagus bang silverster kalau perlu hajar sj kacung orba itu,"['bagus', 'bang', 'silverster', 'kalau', 'perlu', 'hajar', 'sj', 'kacung', 'orba', 'itu']","['bagus', 'bang', 'silverster', 'hajar', 'sj', 'kacung', 'orba']","['bagus', 'bang', 'silverster', 'hajar', 'sj', 'kacung', 'orba']",bagus bang silverster hajar sj kacung orba,positive
Mantap bung orang terbijak di negeri ini,mantap bung orang terbijak di negeri ini,"['mantap', 'bung', 'orang', 'terbijak', 'di', 'negeri', 'ini']","['mantap', 'orang', 'terbijak', 'negeri']","['mantap', 'orang', 'bijak', 'negeri']",mantap orang bijak negeri,positive
Attitude di pakai pak....seluruh rakyat Indonesia melihat pak...ğŸ˜‚,attitude di pakai pak seluruh rakyat indonesia melihat pak,"['attitude', 'di', 'pakai', 'pak', 'seluruh', 'rakyat', 'indonesia', 'melihat', 'pak']","['attitude', 'pakai', 'rakyat', 'indonesia']","['attitude', 'pakai', 'rakyat', 'indonesia']",attitude pakai rakyat indonesia,positive
"Di hari sebelumnya pada chanel yg berbeda mereka sdh bertemu dengan debat sengit. Semalam bertemu kembali kesengitan yg dulu berlanjut lebih sengit. Semoga besok dipertemukan dlm satu forum dan saya ingin lihat seberapa bernyalinya si silfester ini. Kalo rocky sih sy ndak ragu lagi. Good bung rock, Indonesia sgt butuh anda bung,.. â¤",di hari sebelumnya pada chanel yang berbeda mereka sudah bertemu dengan debat sengit semalam bertemu kembali kesengitan yang dulu berlanjut lebih sengit semoga besok dipertemukan dalam satu forum dan saya ingin lihat seberapa bernyalinya si silfester ini kalau rocky sih saya ndak ragu lagi good bung rocky indonesia sgt butuh anda bung,"['di', 'hari', 'sebelumnya', 'pada', 'chanel', 'yang', 'berbeda', 'mereka', 'sudah', 'bertemu', 'dengan', 'debat', 'sengit', 'semalam', 'bertemu', 'kembali', 'kesengitan', 'yang', 'dulu', 'berlanjut', 'lebih', 'sengit', 'semoga', 'besok', 'dipertemukan', 'dalam', 'satu', 'forum', 'dan', 'saya', 'ingin', 'lihat', 'seberapa', 'bernyalinya', 'si', 'silfester', 'ini', 'kalau', 'rocky', 'sih', 'saya', 'ndak', 'ragu', 'lagi', 'good', 'bung', 'rocky', 'indonesia', 'sgt', 'butuh', 'anda', 'bung']","['chanel', 'berbeda', 'bertemu', 'debat', 'sengit', 'semalam', 'bertemu', 'kesengitan', 'berlanjut', 'sengit', 'semoga', 'besok', 'dipertemukan', 'forum', 'lihat', 'bernyalinya', 'si', 'silfester', 'rocky', 'sih', 'ndak', 'ragu', 'good', 'rocky', 'indonesia', 'sgt', 'butuh']","['chanel', 'beda', 'temu', 'debat', 'sengit', 'malam', 'temu', 'sengit', 'lanjut', 'sengit', 'moga', 'besok', 'temu', 'forum', 'lihat', 'nyali', 'si', 'silfester', 'rocky', 'sih', 'ndak', 'ragu', 'good', 'rocky', 'indonesia', 'sgt', 'butuh']",chanel beda temu debat sengit malam temu sengit lanjut sengit moga besok temu forum lihat nyali si silfester rocky sih ndak ragu good rocky indonesia sgt butuh,positive
3 juta x ditontonğŸ˜‚,juta ditonton,"['juta', 'ditonton']","['juta', 'ditonton']","['juta', 'tonton']",juta tonton,positive
Mantap emng bung Rocky ğŸ‰,mantap emng bung rocky,"['mantap', 'emng', 'bung', 'rocky']","['mantap', 'emng', 'rocky']","['mantap', 'emng', 'rocky']",mantap emng rocky,positive
Sejat trus pak rockyâ¤,sejat terus pak rocky,"['sejat', 'terus', 'pak', 'rocky']","['sejat', 'rocky']","['sejat', 'rocky']",sejat rocky,positive
"Lanjutkan bung Rocky ,",lanjutkan bung rocky,"['lanjutkan', 'bung', 'rocky']","['lanjutkan', 'rocky']","['lanjut', 'rocky']",lanjut rocky,positive
Tidak bisa di satukan ataupun dipertemukan antara argumen bang roki dengan yg lainya... sebab bang rocky hanya pintar berteori..... yg lainyaaa matang dan tau di lapangan..... jadinya omon omon aja..ğŸ˜‚,tidak bisa di satukan ataupun dipertemukan antara argumen bang rocky dengan yang lainya sebab bang rocky hanya pintar berteori yang lainyaa matang dan tau di lapangan jadinya omon omon saja,"['tidak', 'bisa', 'di', 'satukan', 'ataupun', 'dipertemukan', 'antara', 'argumen', 'bang', 'rocky', 'dengan', 'yang', 'lainya', 'sebab', 'bang', 'rocky', 'hanya', 'pintar', 'berteori', 'yang', 'lainyaa', 'matang', 'dan', 'tau', 'di', 'lapangan', 'jadinya', 'omon', 'omon', 'saja']","['satukan', 'dipertemukan', 'argumen', 'bang', 'rocky', 'lainya', 'bang', 'rocky', 'pintar', 'berteori', 'lainyaa', 'matang', 'tau', 'lapangan', 'omon', 'omon']","['satu', 'temu', 'argumen', 'bang', 'rocky', 'lai', 'bang', 'rocky', 'pintar', 'teori', 'lainyaa', 'matang', 'tau', 'lapang', 'omon', 'omon']",satu temu argumen bang rocky lai bang rocky pintar teori lainyaa matang tau lapang omon omon,positive
subscribe garaÂ² mo liat ini..RG the best argumen,subscribe gara mo lihat ini rocky gerung the best argumen,"['subscribe', 'gara', 'mo', 'lihat', 'ini', 'rocky', 'gerung', 'the', 'best', 'argumen']","['subscribe', 'gara', 'mo', 'lihat', 'rocky', 'gerung', 'best', 'argumen']","['subscribe', 'gara', 'mo', 'lihat', 'rocky', 'gerung', 'best', 'argumen']",subscribe gara mo lihat rocky gerung best argumen,positive
